userId,churn,gender,OS_iPad,OS_iPhone,OS_Windows 8.1,OS_Linux,OS_Windows Vista,OS_Windows 8.0,OS_MacOS,OS_Windows XP,OS_Windows 7,paid_percent,mean_hours,stdev_hours,About,Add Friend,Add to Playlist,Downgrade,Error,Help,Home,Logout,NextSong,Roll Advert,Save Settings,Settings,Submit Downgrade,Submit Upgrade,Thumbs Down,Thumbs Up,Upgrade,mean_songs,stdev_songs,num_aritst,mean_session_h,stdev_session_h,num_sessions,days_total_subscription
52,0,0,0,0,0,0,0,0,0,0,1,76.88766114180478,4.952340875740743,6.3495878232584975,0.293470286133529,2.93470286133529,2.421129860601614,0.7336757153338225,0.0,0.5135730007336757,3.9618488628026407,1.467351430667645,79.67718268525313,2.127659574468085,0.1467351430667645,0.8070432868672046,0.0,0.07336757153338225,0.6603081438004402,3.9618488628026407,0.22010271460014674,72.4,92.10692544149823,810,5.55025925925926,6.812904814976547,15,102.24886574074074
