userId,churn,gender,OS_iPad,OS_iPhone,OS_Windows 8.1,OS_Linux,OS_Windows Vista,OS_Windows 8.0,OS_MacOS,OS_Windows XP,OS_Windows 7,paid_percent,mean_hours,stdev_hours,About,Add Friend,Add to Playlist,Downgrade,Error,Help,Home,Logout,NextSong,Roll Advert,Save Settings,Settings,Submit Downgrade,Submit Upgrade,Thumbs Down,Thumbs Up,Upgrade,mean_songs,stdev_songs,num_aritst,mean_session_h,stdev_session_h,num_sessions,days_total_subscription
140,0,0,0,0,0,0,0,0,0,0,1,83.49223163841808,5.846083940008294,6.7193084729668024,0.1308139534883721,2.078488372093023,2.1511627906976747,0.7267441860465116,0.10174418604651163,0.4941860465116279,3.6482558139534884,1.2936046511627906,82.32558139534883,1.2645348837209303,0.07267441860465117,0.3488372093023256,0.0436046511627907,0.05813953488372093,1.0901162790697674,4.026162790697675,0.14534883720930233,84.53731343283582,97.34526624001634,2820,5.467754303599374,6.653532781452866,71,80.60512731481481
