userId,churn,gender,OS_iPad,OS_iPhone,OS_Windows 8.1,OS_Linux,OS_Windows Vista,OS_Windows 8.0,OS_MacOS,OS_Windows XP,OS_Windows 7,paid_percent,mean_hours,stdev_hours,About,Add Friend,Add to Playlist,Downgrade,Error,Help,Home,Logout,NextSong,Roll Advert,Save Settings,Settings,Submit Downgrade,Submit Upgrade,Thumbs Down,Thumbs Up,Upgrade,mean_songs,stdev_songs,num_aritst,mean_session_h,stdev_session_h,num_sessions,days_total_subscription
2,0,0,0,0,0,0,0,0,0,0,1,100.0,7.487594580158727,8.620761926419517,0.33370411568409347,2.2246941045606228,1.4460511679644048,1.4460511679644048,0.0,0.44493882091212456,3.8932146829810903,1.2235817575083427,83.98220244716352,0.0,0.44493882091212456,0.6674082313681869,0.0,0.0,0.6674082313681869,3.225806451612903,0.0,107.85714285714286,122.22305916019363,588,7.416944444444444,8.610146730645825,7,69.90317129629629
20,0,0,0,0,0,0,0,0,0,0,1,85.94355285002767,6.961262033641979,8.671350697218212,0.04555808656036447,1.1389521640091116,2.460136674259681,0.683371298405467,0.1366742596810934,0.8656036446469247,3.507972665148064,1.0478359908883828,82.32346241457859,0.9111617312072893,0.18223234624145787,0.592255125284738,0.09111617312072894,0.09111617312072894,0.9567198177676537,4.829157175398633,0.1366742596810934,100.38888888888889,123.55143672309065,1217,6.548479532163743,8.564038797361087,19,77.02128472222222
