userId,churn,gender,OS_iPad,OS_iPhone,OS_Windows 8.1,OS_Linux,OS_Windows Vista,OS_Windows 8.0,OS_MacOS,OS_Windows XP,OS_Windows 7,paid_percent,mean_hours,stdev_hours,About,Add Friend,Add to Playlist,Downgrade,Error,Help,Home,Logout,NextSong,Roll Advert,Save Settings,Settings,Submit Downgrade,Submit Upgrade,Thumbs Down,Thumbs Up,Upgrade,mean_songs,stdev_songs,num_aritst,mean_session_h,stdev_session_h,num_sessions,days_total_subscription
100022,1,0,0,0,0,0,0,0,1,0,0,0.0,2.341836981805555,2.4023612743976206,0.10395010395010396,1.1434511434511436,1.4553014553014554,0.0,0.10395010395010396,0.6237006237006237,3.8461538461538463,1.4553014553014554,70.79002079002079,11.954261954261955,0.2079002079002079,0.8316008316008316,0.0,0.0,2.079002079002079,4.677754677754678,0.7276507276507277,34.05,36.41207867843047,556,2.271138888888889,2.399606279805746,20,47.92025462962963
