userId,churn,gender,OS_iPad,OS_iPhone,OS_Windows 8.1,OS_Linux,OS_Windows Vista,OS_Windows 8.0,OS_MacOS,OS_Windows XP,OS_Windows 7,paid_percent,mean_hours,stdev_hours,About,Add Friend,Add to Playlist,Downgrade,Error,Help,Home,Logout,NextSong,Roll Advert,Save Settings,Settings,Submit Downgrade,Submit Upgrade,Thumbs Down,Thumbs Up,Upgrade,mean_songs,stdev_songs,num_aritst,mean_session_h,stdev_session_h,num_sessions,days_total_subscription
300018,0,1,0,0,0,0,0,0,1,0,0,98.53658536585365,4.434618530769232,5.468424655914887,0.1466275659824047,1.7106549364613879,2.834799608993157,0.43988269794721413,0.09775171065493646,0.7820136852394917,4.105571847507331,1.1730205278592376,80.1564027370479,0.1466275659824047,0.09775171065493646,0.5865102639296188,0.0,0.04887585532746823,1.1730205278592376,6.451612903225806,0.04887585532746823,63.07692307692308,76.1046243414541,1171,4.057807539682538,5.377657990271389,28,92.85342592592593
300019,0,1,0,0,0,0,0,0,0,0,1,99.87468671679198,6.114464823456793,8.560870637673254,0.20491803278688525,1.9467213114754098,2.459016393442623,0.0,0.0,0.7172131147540983,2.459016393442623,0.6147540983606558,81.76229508196722,0.0,0.0,0.3073770491803279,0.0,0.10245901639344263,0.819672131147541,8.504098360655737,0.10245901639344263,88.66666666666667,124.50301201175819,651,6.1245061728395065,8.595760855399208,9,84.62292824074073
