userId,churn,gender,OS_iPad,OS_iPhone,OS_Windows 8.1,OS_Linux,OS_Windows Vista,OS_Windows 8.0,OS_MacOS,OS_Windows XP,OS_Windows 7,paid_percent,mean_hours,stdev_hours,About,Add Friend,Add to Playlist,Downgrade,Error,Help,Home,Logout,NextSong,Roll Advert,Save Settings,Settings,Submit Downgrade,Submit Upgrade,Thumbs Down,Thumbs Up,Upgrade,mean_songs,stdev_songs,num_aritst,mean_session_h,stdev_session_h,num_sessions,days_total_subscription
155,0,0,0,0,0,0,0,0,0,0,1,87.6829268292683,9.20274499537037,6.528671599395436,0.19960079840319359,1.097804391217565,2.3952095808383236,1.1976047904191618,0.29940119760479045,0.8982035928143712,2.9940119760479043,1.3972055888223553,81.83632734530939,0.7984031936127743,0.0,0.499001996007984,0.0,0.09980039920159679,0.29940119760479045,5.788423153692615,0.19960079840319359,136.66666666666666,96.74433661288224,644,9.14287037037037,6.519267089541098,6,23.556018518518517
