userId,churn,gender,OS_iPad,OS_iPhone,OS_Windows 8.1,OS_Linux,OS_Windows Vista,OS_Windows 8.0,OS_MacOS,OS_Windows XP,OS_Windows 7,paid_percent,mean_hours,stdev_hours,About,Add Friend,Add to Playlist,Downgrade,Error,Help,Home,Logout,NextSong,Roll Advert,Save Settings,Settings,Submit Downgrade,Submit Upgrade,Thumbs Down,Thumbs Up,Upgrade,mean_songs,stdev_songs,num_aritst,mean_session_h,stdev_session_h,num_sessions,days_total_subscription
300017,0,0,0,0,0,0,0,0,1,0,0,100.0,4.086552733196721,3.6120139088908414,0.06775067750677506,1.4227642276422763,2.5519421860885276,0.5645889792231256,0.11291779584462511,0.6097560975609756,3.4101174345076783,0.9259259259259258,82.02348690153568,0.24841915085817523,0.06775067750677506,0.5194218608852755,0.0,0.0,0.6323396567299007,6.842818428184281,0.0,59.540983606557376,53.14056008063013,2071,3.8887345679012344,3.6192211259588243,63,74.35851851851852
