userId,churn,gender,OS_iPad,OS_iPhone,OS_Windows 8.1,OS_Linux,OS_Windows Vista,OS_Windows 8.0,OS_MacOS,OS_Windows XP,OS_Windows 7,paid_percent,mean_hours,stdev_hours,About,Add Friend,Add to Playlist,Downgrade,Error,Help,Home,Logout,NextSong,Roll Advert,Save Settings,Settings,Submit Downgrade,Submit Upgrade,Thumbs Down,Thumbs Up,Upgrade,mean_songs,stdev_songs,num_aritst,mean_session_h,stdev_session_h,num_sessions,days_total_subscription
78,0,0,0,0,0,0,0,0,0,0,1,0.0,1.9288401833333337,1.6999062226408141,0.0,0.6172839506172839,2.7777777777777777,0.0,0.0,0.30864197530864196,4.938271604938271,2.7777777777777777,78.39506172839506,4.938271604938271,0.0,0.6172839506172839,0.0,0.0,0.9259259259259258,3.3950617283950617,0.30864197530864196,28.22222222222222,24.888640871780133,227,1.8887345679012344,1.6910832561715703,9,60.588310185185186
