userId,churn,gender,OS_iPad,OS_iPhone,OS_Windows 8.1,OS_Linux,OS_Windows Vista,OS_Windows 8.0,OS_MacOS,OS_Windows XP,OS_Windows 7,paid_percent,mean_hours,stdev_hours,About,Add Friend,Add to Playlist,Downgrade,Error,Help,Home,Logout,NextSong,Roll Advert,Save Settings,Settings,Submit Downgrade,Submit Upgrade,Thumbs Down,Thumbs Up,Upgrade,mean_songs,stdev_songs,num_aritst,mean_session_h,stdev_session_h,num_sessions,days_total_subscription
126,0,1,0,0,0,0,0,0,0,0,1,86.72875436554133,6.214938779693485,7.586383861432974,0.2256608639587363,1.0638297872340425,2.321083172147002,0.7092198581560284,0.06447453255963895,0.4835589941972921,3.836234687298517,1.2572533849129592,83.07543520309478,1.1283043197936815,0.1289490651192779,0.548033526756931,0.0,0.032237266279819474,0.6769825918762089,4.352030947775629,0.09671179883945842,88.86206896551724,108.36668048078084,1644,5.958416666666666,7.554873546224047,30,62.09569444444445
