userId,churn,gender,OS_iPad,OS_iPhone,OS_Windows 8.1,OS_Linux,OS_Windows Vista,OS_Windows 8.0,OS_MacOS,OS_Windows XP,OS_Windows 7,paid_percent,mean_hours,stdev_hours,About,Add Friend,Add to Playlist,Downgrade,Error,Help,Home,Logout,NextSong,Roll Advert,Save Settings,Settings,Submit Downgrade,Submit Upgrade,Thumbs Down,Thumbs Up,Upgrade,mean_songs,stdev_songs,num_aritst,mean_session_h,stdev_session_h,num_sessions,days_total_subscription
121,1,1,0,0,0,1,0,0,0,0,0,65.28925619834712,3.8264997149572646,4.78917474197879,0.2188183807439825,2.1881838074398248,2.1881838074398248,0.437636761487965,0.0,0.3282275711159737,4.266958424507659,1.9693654266958425,79.43107221006565,3.063457330415755,0.3282275711159737,1.2035010940919038,0.0,0.10940919037199125,0.87527352297593,3.063457330415755,0.3282275711159737,55.84615384615385,70.37618696908558,588,3.7601709401709402,4.7876970601366065,13,131.43560185185186
