userId,churn,gender,OS_iPad,OS_iPhone,OS_Windows 8.1,OS_Linux,OS_Windows Vista,OS_Windows 8.0,OS_MacOS,OS_Windows XP,OS_Windows 7,paid_percent,mean_hours,stdev_hours,About,Add Friend,Add to Playlist,Downgrade,Error,Help,Home,Logout,NextSong,Roll Advert,Save Settings,Settings,Submit Downgrade,Submit Upgrade,Thumbs Down,Thumbs Up,Upgrade,mean_songs,stdev_songs,num_aritst,mean_session_h,stdev_session_h,num_sessions,days_total_subscription
136,0,0,0,0,0,0,0,0,1,0,0,94.11487758945385,7.341561229027775,8.69781504217721,0.2726918582002337,2.337358784573432,2.571094663030775,0.8180755746007012,0.07791195948578107,0.7401636151149201,3.3502142578885863,1.090767432800935,82.7425009738995,0.506427736657577,0.038955979742890535,0.46747175691468645,0.0,0.038955979742890535,0.584339696143358,4.285157771717959,0.07791195948578107,106.2,128.71576192689474,1396,7.244696969696971,9.292062116176263,22,75.35636574074074
137,0,1,0,0,0,0,0,0,1,0,0,25.97402597402597,3.554247806481482,3.774704089189689,0.0,3.827751196172249,1.9138755980861244,0.0,0.0,0.4784688995215311,5.741626794258373,2.3923444976076556,73.68421052631578,4.784688995215311,0.0,0.4784688995215311,0.0,0.4784688995215311,0.4784688995215311,3.827751196172249,1.9138755980861244,51.333333333333336,55.33835318595353,144,3.5210185185185185,3.7913070783227143,3,123.35806712962963
