userId,churn,gender,OS_iPad,OS_iPhone,OS_Windows 8.1,OS_Linux,OS_Windows Vista,OS_Windows 8.0,OS_MacOS,OS_Windows XP,OS_Windows 7,paid_percent,mean_hours,stdev_hours,About,Add Friend,Add to Playlist,Downgrade,Error,Help,Home,Logout,NextSong,Roll Advert,Save Settings,Settings,Submit Downgrade,Submit Upgrade,Thumbs Down,Thumbs Up,Upgrade,mean_songs,stdev_songs,num_aritst,mean_session_h,stdev_session_h,num_sessions,days_total_subscription
22,0,0,0,0,0,0,0,0,0,0,1,0.0,1.0283084444444444,1.094590183915198,0.0,7.5,0.0,0.0,0.0,0.0,5.0,0.0,70.0,10.0,0.0,0.0,0.0,0.0,0.0,7.5,0.0,14.0,16.97056274847714,29,0.8886111111111111,1.1447273113208887,2,61.48951388888889
23,0,0,0,0,0,0,0,0,0,0,1,77.59146341463415,11.445514027777774,18.825586134381222,0.1278772378516624,1.9181585677749362,2.6854219948849107,0.639386189258312,0.0,0.5115089514066496,2.4296675191815855,0.639386189258312,83.88746803069054,2.4296675191815855,0.0,0.1278772378516624,0.0,0.1278772378516624,0.7672634271099744,3.580562659846547,0.1278772378516624,164.0,271.0387426180988,554,11.375902777777778,18.831629895889286,4,135.89708333333334
