userId,churn,gender,OS_iPad,OS_iPhone,OS_Windows 8.1,OS_Linux,OS_Windows Vista,OS_Windows 8.0,OS_MacOS,OS_Windows XP,OS_Windows 7,paid_percent,mean_hours,stdev_hours,About,Add Friend,Add to Playlist,Downgrade,Error,Help,Home,Logout,NextSong,Roll Advert,Save Settings,Settings,Submit Downgrade,Submit Upgrade,Thumbs Down,Thumbs Up,Upgrade,mean_songs,stdev_songs,num_aritst,mean_session_h,stdev_session_h,num_sessions,days_total_subscription
100013,1,0,0,0,0,0,0,0,0,0,1,80.37135278514589,5.991277651923077,4.298397627817124,0.14388489208633093,2.014388489208633,2.2302158273381294,0.935251798561151,0.14388489208633093,0.6474820143884892,3.8129496402877696,0.935251798561151,81.36690647482014,2.805755395683453,0.2158273381294964,0.5035971223021583,0.0,0.07194244604316546,1.079136690647482,2.805755395683453,0.28776978417266186,87.0,62.36585604319082,827,5.4999801587301596,4.413800266526105,14,44.17873842592593
