userId,churn,gender,OS_iPad,OS_iPhone,OS_Windows 8.1,OS_Linux,OS_Windows Vista,OS_Windows 8.0,OS_MacOS,OS_Windows XP,OS_Windows 7,paid_percent,mean_hours,stdev_hours,About,Add Friend,Add to Playlist,Downgrade,Error,Help,Home,Logout,NextSong,Roll Advert,Save Settings,Settings,Submit Downgrade,Submit Upgrade,Thumbs Down,Thumbs Up,Upgrade,mean_songs,stdev_songs,num_aritst,mean_session_h,stdev_session_h,num_sessions,days_total_subscription
41,0,0,0,0,0,0,0,0,0,0,1,100.0,10.96990947083333,11.121492581051347,0.13513513513513514,1.6216216216216217,2.7477477477477477,1.0360360360360361,0.04504504504504504,0.8558558558558558,2.8828828828828827,0.9009009009009009,85.3153153153153,0.04504504504504504,0.13513513513513514,0.40540540540540543,0.0,0.0,0.45045045045045046,3.423423423423423,0.0,157.83333333333334,162.4784367977561,1320,10.961203703703704,11.159771925639243,12,110.77247685185185
42,0,0,0,0,0,0,0,0,0,0,1,97.22921914357683,5.974207087601625,4.686088669792696,0.14094432699083861,1.221517500587268,2.443035001174536,0.8691566831101715,0.1644350481559784,0.46981442330279544,4.1343669250646,1.03359173126615,83.93234672304439,0.23490721165139772,0.1644350481559784,0.6577401926239136,0.0,0.02349072116513977,0.5872680291284942,3.8994597134132016,0.02349072116513977,87.14634146341463,68.40342132364789,2074,5.492712765957448,5.0428513583992505,47,67.11364583333334
