userId,churn,gender,OS_iPad,OS_iPhone,OS_Windows 8.1,OS_Linux,OS_Windows Vista,OS_Windows 8.0,OS_MacOS,OS_Windows XP,OS_Windows 7,paid_percent,mean_hours,stdev_hours,About,Add Friend,Add to Playlist,Downgrade,Error,Help,Home,Logout,NextSong,Roll Advert,Save Settings,Settings,Submit Downgrade,Submit Upgrade,Thumbs Down,Thumbs Up,Upgrade,mean_songs,stdev_songs,num_aritst,mean_session_h,stdev_session_h,num_sessions,days_total_subscription
300021,0,0,0,0,0,0,0,0,1,0,0,99.86897274633124,4.51112421704981,5.5118050050247405,0.15024683408456752,1.9102811762180725,2.2966301781498175,0.36488516849109254,0.10731916720326251,0.34342133505044,3.3054303498604853,0.94440867138871,81.90598840952994,0.10731916720326251,0.128783000643915,0.38634900193174504,0.0214638334406525,0.0214638334406525,0.7726980038634901,7.21184803605924,0.0214638334406525,65.79310344827586,79.52374876896721,2168,4.71676724137931,5.7986114053059366,58,69.41837962962963
