userId,churn,gender,OS_iPad,OS_iPhone,OS_Windows 8.1,OS_Linux,OS_Windows Vista,OS_Windows 8.0,OS_MacOS,OS_Windows XP,OS_Windows 7,paid_percent,mean_hours,stdev_hours,About,Add Friend,Add to Playlist,Downgrade,Error,Help,Home,Logout,NextSong,Roll Advert,Save Settings,Settings,Submit Downgrade,Submit Upgrade,Thumbs Down,Thumbs Up,Upgrade,mean_songs,stdev_songs,num_aritst,mean_session_h,stdev_session_h,num_sessions,days_total_subscription
200008,0,0,0,0,0,0,0,0,0,0,1,98.92150988615937,7.609977063703702,7.294883458281476,0.44731610337972166,1.341948310139165,2.2365805168986084,1.1928429423459244,0.14910536779324055,0.19880715705765406,3.5288270377733597,1.0934393638170974,82.95228628230616,0.19880715705765406,0.09940357852882703,0.4970178926441352,0.0,0.049701789264413515,2.584493041749503,3.3797216699801194,0.049701789264413515,111.26666666666667,107.38613016763829,1160,7.5379259259259275,7.284556907097743,15,115.18381944444444
200009,0,1,0,0,0,0,0,0,0,0,1,46.10591900311526,4.474074420555556,3.3337435839194187,0.0,1.669449081803005,2.2537562604340566,0.41736227045075125,0.0,0.5843071786310517,3.33889816360601,1.5025041736227045,80.38397328881469,2.7545909849749584,0.08347245409015025,0.667779632721202,0.08347245409015025,0.08347245409015025,2.671118530884808,3.4223706176961604,0.08347245409015025,64.2,45.78396475373697,747,4.452018518518519,3.374138747100581,15,58.83949074074074
