userId,churn,gender,OS_iPad,OS_iPhone,OS_Windows 8.1,OS_Linux,OS_Windows Vista,OS_Windows 8.0,OS_MacOS,OS_Windows XP,OS_Windows 7,paid_percent,mean_hours,stdev_hours,About,Add Friend,Add to Playlist,Downgrade,Error,Help,Home,Logout,NextSong,Roll Advert,Save Settings,Settings,Submit Downgrade,Submit Upgrade,Thumbs Down,Thumbs Up,Upgrade,mean_songs,stdev_songs,num_aritst,mean_session_h,stdev_session_h,num_sessions,days_total_subscription
117,0,0,0,0,0,0,0,0,0,0,1,0.0,1.8810652967948722,2.5698264542694913,0.0,2.247191011235955,2.247191011235955,0.0,0.44943820224719105,0.22471910112359553,6.067415730337078,1.348314606741573,77.07865168539327,4.943820224719101,0.22471910112359553,1.348314606741573,0.0,0.0,0.6741573033707865,2.4719101123595504,0.6741573033707865,26.384615384615383,36.518348040262495,299,1.828397435897436,2.5677726797558007,13,72.10061342592593
