userId,churn,gender,OS_iPad,OS_iPhone,OS_Windows 8.1,OS_Linux,OS_Windows Vista,OS_Windows 8.0,OS_MacOS,OS_Windows XP,OS_Windows 7,paid_percent,mean_hours,stdev_hours,About,Add Friend,Add to Playlist,Downgrade,Error,Help,Home,Logout,NextSong,Roll Advert,Save Settings,Settings,Submit Downgrade,Submit Upgrade,Thumbs Down,Thumbs Up,Upgrade,mean_songs,stdev_songs,num_aritst,mean_session_h,stdev_session_h,num_sessions,days_total_subscription
15,0,1,0,0,0,0,0,0,0,0,1,100.0,9.470389004166666,6.159367750898716,0.08779631255487269,1.3608428446005267,2.5899912203687445,1.2291483757682178,0.08779631255487269,0.35118525021949076,4.082528533801581,1.1852502194907815,84.02107111501317,0.043898156277436345,0.08779631255487269,0.7023705004389815,0.0,0.0,0.6145741878841089,3.555750658472344,0.0,136.71428571428572,88.69084470262945,1303,8.804722222222223,6.433439835350866,15,56.513576388888886
