userId,churn,gender,OS_iPad,OS_iPhone,OS_Windows 8.1,OS_Linux,OS_Windows Vista,OS_Windows 8.0,OS_MacOS,OS_Windows XP,OS_Windows 7,paid_percent,mean_hours,stdev_hours,About,Add Friend,Add to Playlist,Downgrade,Error,Help,Home,Logout,NextSong,Roll Advert,Save Settings,Settings,Submit Downgrade,Submit Upgrade,Thumbs Down,Thumbs Up,Upgrade,mean_songs,stdev_songs,num_aritst,mean_session_h,stdev_session_h,num_sessions,days_total_subscription
89,0,1,0,0,0,0,0,0,0,0,1,88.00599700149925,9.210574401666664,11.628008121912092,0.24968789013732834,1.7478152309612984,1.4981273408239701,0.24968789013732834,0.0,0.6242197253433208,3.3707865168539324,0.8739076154806492,83.270911360799,1.6229712858926344,0.37453183520599254,1.2484394506866416,0.0,0.12484394506866417,0.7490636704119851,3.7453183520599254,0.24968789013732834,133.4,169.17830830221703,546,9.182666666666666,11.620074938401821,5,69.41987268518518
