userId,churn,gender,OS_iPad,OS_iPhone,OS_Windows 8.1,OS_Linux,OS_Windows Vista,OS_Windows 8.0,OS_MacOS,OS_Windows XP,OS_Windows 7,paid_percent,mean_hours,stdev_hours,About,Add Friend,Add to Playlist,Downgrade,Error,Help,Home,Logout,NextSong,Roll Advert,Save Settings,Settings,Submit Downgrade,Submit Upgrade,Thumbs Down,Thumbs Up,Upgrade,mean_songs,stdev_songs,num_aritst,mean_session_h,stdev_session_h,num_sessions,days_total_subscription
100017,1,1,0,1,0,0,0,0,0,0,0,0.0,3.4060342777777772,0.0,0.0,0.0,1.36986301369863,0.0,0.0,0.0,4.10958904109589,0.0,71.23287671232876,19.17808219178082,0.0,0.0,0.0,0.0,1.36986301369863,2.73972602739726,0.0,52.0,0.0,52,3.321111111111111,0.0,1,78.88440972222222
100018,0,1,0,0,0,0,0,0,1,0,0,58.183632734530946,3.4518101059722226,4.182321777526532,0.07763975155279502,1.7857142857142856,2.406832298136646,0.6987577639751553,0.0,0.5434782608695652,3.3385093167701863,1.3198757763975155,77.79503105590062,6.211180124223603,0.2329192546583851,0.6987577639751553,0.15527950310559005,0.15527950310559005,0.6987577639751553,3.571428571428571,0.3105590062111801,50.1,60.29043740184063,781,3.21978835978836,4.129063863227453,21,110.71211805555555
