userId,churn,gender,OS_iPad,OS_iPhone,OS_Windows 8.1,OS_Linux,OS_Windows Vista,OS_Windows 8.0,OS_MacOS,OS_Windows XP,OS_Windows 7,paid_percent,mean_hours,stdev_hours,About,Add Friend,Add to Playlist,Downgrade,Error,Help,Home,Logout,NextSong,Roll Advert,Save Settings,Settings,Submit Downgrade,Submit Upgrade,Thumbs Down,Thumbs Up,Upgrade,mean_songs,stdev_songs,num_aritst,mean_session_h,stdev_session_h,num_sessions,days_total_subscription
91,0,1,0,0,1,0,0,0,0,0,0,95.15503875968993,19.746496319444457,23.04353070827294,0.16589250165892502,1.39349701393497,2.12342402123424,0.7299270072992701,0.09953550099535502,0.29860650298606506,2.9860650298606504,1.028533510285335,85.6005308560053,0.16589250165892502,0.033178500331785,0.3981420039814201,0.0,0.033178500331785,0.7962840079628402,4.11413404114134,0.033178500331785,286.6666666666667,337.84426885770904,1619,19.665,23.019357929090734,9,116.02526620370371
92,0,0,1,0,0,0,0,0,0,0,0,85.70227081581162,4.932186793551587,6.091381883859682,0.29045643153526973,1.5214384508990317,2.503457814661134,0.9405255878284924,0.04149377593360996,0.5532503457814661,3.67911479944675,1.0788381742738589,82.2268326417704,1.1756569847856155,0.13831258644536654,0.719225449515906,0.013831258644536652,0.013831258644536652,0.9958506224066389,4.0387275242047025,0.06915629322268327,70.77380952380952,86.9796197137792,2905,4.745203488372092,6.054084867345142,86,83.52885416666666
