userId,churn,gender,OS_iPad,OS_iPhone,OS_Windows 8.1,OS_Linux,OS_Windows Vista,OS_Windows 8.0,OS_MacOS,OS_Windows XP,OS_Windows 7,paid_percent,mean_hours,stdev_hours,About,Add Friend,Add to Playlist,Downgrade,Error,Help,Home,Logout,NextSong,Roll Advert,Save Settings,Settings,Submit Downgrade,Submit Upgrade,Thumbs Down,Thumbs Up,Upgrade,mean_songs,stdev_songs,num_aritst,mean_session_h,stdev_session_h,num_sessions,days_total_subscription
55,0,1,0,0,0,0,0,0,1,0,0,18.635170603674542,2.44746263510101,4.141861970763486,0.2044989775051125,1.6359918200409,2.658486707566462,0.0,0.2044989775051125,0.81799591002045,4.08997955010225,1.2269938650306749,77.91411042944786,5.930470347648262,0.0,0.2044989775051125,0.0,0.2044989775051125,1.0224948875255624,3.476482617586912,0.408997955010225,34.63636363636363,58.59739367458714,344,2.705757575757576,4.719052061856707,11,71.66560185185185
