userId,churn,gender,OS_iPad,OS_iPhone,OS_Windows 8.1,OS_Linux,OS_Windows Vista,OS_Windows 8.0,OS_MacOS,OS_Windows XP,OS_Windows 7,paid_percent,mean_hours,stdev_hours,About,Add Friend,Add to Playlist,Downgrade,Error,Help,Home,Logout,NextSong,Roll Advert,Save Settings,Settings,Submit Downgrade,Submit Upgrade,Thumbs Down,Thumbs Up,Upgrade,mean_songs,stdev_songs,num_aritst,mean_session_h,stdev_session_h,num_sessions,days_total_subscription
16,0,0,0,0,1,0,0,0,0,0,0,81.48148148148148,5.188079846604939,4.6884790816530355,0.1221001221001221,1.221001221001221,2.31990231990232,0.8547008547008548,0.0,0.9768009768009768,3.1746031746031744,1.098901098901099,82.41758241758241,1.465201465201465,0.0,0.2442002442002442,0.0,0.1221001221001221,0.4884004884004884,5.128205128205128,0.3663003663003663,75.0,65.64868620162935,551,5.211820987654322,4.735579383459933,9,80.40359953703704
