userId,churn,gender,OS_iPad,OS_iPhone,OS_Windows 8.1,OS_Linux,OS_Windows Vista,OS_Windows 8.0,OS_MacOS,OS_Windows XP,OS_Windows 7,paid_percent,mean_hours,stdev_hours,About,Add Friend,Add to Playlist,Downgrade,Error,Help,Home,Logout,NextSong,Roll Advert,Save Settings,Settings,Submit Downgrade,Submit Upgrade,Thumbs Down,Thumbs Up,Upgrade,mean_songs,stdev_songs,num_aritst,mean_session_h,stdev_session_h,num_sessions,days_total_subscription
300011,0,0,0,0,0,0,0,0,0,0,1,95.56180991556614,4.374586071879755,4.678792596852657,0.4361479413817167,1.6224703419399862,2.5471039776692255,0.5582693649685974,0.034891835310537335,0.52337752965806,3.3670621074668525,0.9944173063503141,80.58269364968598,0.366364270760642,0.0,0.41870202372644805,0.017445917655268667,0.034891835310537335,0.7152826238660154,7.623866015352408,0.15701325889741802,63.273972602739725,67.33689352674783,2492,4.205164473684213,4.7108291890614815,76,61.17638888888889
