userId,churn,gender,OS_iPad,OS_iPhone,OS_Windows 8.1,OS_Linux,OS_Windows Vista,OS_Windows 8.0,OS_MacOS,OS_Windows XP,OS_Windows 7,paid_percent,mean_hours,stdev_hours,About,Add Friend,Add to Playlist,Downgrade,Error,Help,Home,Logout,NextSong,Roll Advert,Save Settings,Settings,Submit Downgrade,Submit Upgrade,Thumbs Down,Thumbs Up,Upgrade,mean_songs,stdev_songs,num_aritst,mean_session_h,stdev_session_h,num_sessions,days_total_subscription
200002,0,1,0,1,0,0,0,0,0,0,0,77.51937984496125,4.352262775,3.481087253628621,0.6329113924050633,0.8438818565400843,1.6877637130801686,1.0548523206751055,0.0,0.42194092827004215,4.219409282700422,1.0548523206751055,81.64556962025317,1.4767932489451476,0.0,0.6329113924050633,0.0,0.21097046413502107,1.2658227848101267,4.430379746835443,0.42194092827004215,64.5,51.309843110264914,340,4.44,3.615756029749058,6,70.07462962962963
