userId,churn,gender,OS_iPad,OS_iPhone,OS_Windows 8.1,OS_Linux,OS_Windows Vista,OS_Windows 8.0,OS_MacOS,OS_Windows XP,OS_Windows 7,paid_percent,mean_hours,stdev_hours,About,Add Friend,Add to Playlist,Downgrade,Error,Help,Home,Logout,NextSong,Roll Advert,Save Settings,Settings,Submit Downgrade,Submit Upgrade,Thumbs Down,Thumbs Up,Upgrade,mean_songs,stdev_songs,num_aritst,mean_session_h,stdev_session_h,num_sessions,days_total_subscription
119,0,0,0,0,0,0,0,1,0,0,0,0.0,2.0702754291666667,1.684771172588089,0.4484304932735426,1.7937219730941705,2.242152466367713,0.0,0.4484304932735426,1.345291479820628,4.932735426008969,0.8968609865470852,77.57847533632287,4.0358744394618835,0.4484304932735426,1.345291479820628,0.0,0.0,0.4484304932735426,3.1390134529147984,0.8968609865470852,28.833333333333332,21.664871720521834,167,2.0111574074074072,1.6770514470552056,6,188.85927083333334
12,1,0,0,0,1,0,0,0,0,0,0,59.976931949250286,6.624090261111111,6.634422412160296,0.2824858757062147,1.2241054613935969,1.7890772128060264,0.4708097928436911,0.18832391713747645,0.5649717514124294,4.3314500941619585,1.0357815442561207,81.63841807909604,1.977401129943503,0.09416195856873823,0.6591337099811676,0.09416195856873823,0.18832391713747645,0.847457627118644,3.954802259887006,0.6591337099811676,96.33333333333333,97.13135436098891,698,7.625709876543208,7.643933084720625,9,73.00452546296296
