userId,churn,gender,OS_iPad,OS_iPhone,OS_Windows 8.1,OS_Linux,OS_Windows Vista,OS_Windows 8.0,OS_MacOS,OS_Windows XP,OS_Windows 7,paid_percent,mean_hours,stdev_hours,About,Add Friend,Add to Playlist,Downgrade,Error,Help,Home,Logout,NextSong,Roll Advert,Save Settings,Settings,Submit Downgrade,Submit Upgrade,Thumbs Down,Thumbs Up,Upgrade,mean_songs,stdev_songs,num_aritst,mean_session_h,stdev_session_h,num_sessions,days_total_subscription
81,0,1,0,0,0,0,0,0,1,0,0,98.53090172239108,7.278477235526317,7.032768347973811,0.1284796573875803,0.9850107066381156,2.1841541755888647,1.113490364025696,0.042826552462526764,0.5139186295503212,3.340471092077088,0.8993576017130621,84.53961456102785,0.29978586723768735,0.29978586723768735,0.8993576017130621,0.042826552462526764,0.042826552462526764,0.5995717344753747,4.025695931477516,0.042826552462526764,103.89473684210526,101.4297210096408,1308,7.213786549707604,7.033811392907518,19,98.71303240740741
