userId,churn,gender,OS_iPad,OS_iPhone,OS_Windows 8.1,OS_Linux,OS_Windows Vista,OS_Windows 8.0,OS_MacOS,OS_Windows XP,OS_Windows 7,paid_percent,mean_hours,stdev_hours,About,Add Friend,Add to Playlist,Downgrade,Error,Help,Home,Logout,NextSong,Roll Advert,Save Settings,Settings,Submit Downgrade,Submit Upgrade,Thumbs Down,Thumbs Up,Upgrade,mean_songs,stdev_songs,num_aritst,mean_session_h,stdev_session_h,num_sessions,days_total_subscription
300023,0,0,0,0,0,0,0,0,0,0,1,99.1652754590985,4.606534188786009,4.429496465357497,0.27149321266968324,1.402714932126697,2.8506787330316743,0.5429864253393665,0.13574660633484162,0.4524886877828055,2.8959276018099547,0.8597285067873304,81.31221719457014,0.09049773755656108,0.04524886877828054,0.6334841628959276,0.04524886877828054,0.04524886877828054,0.7239819004524887,7.647058823529412,0.04524886877828054,66.55555555555556,64.89537931478831,1236,4.559958847736625,4.4349063215162765,27,150.45563657407408
