userId,churn,gender,OS_iPad,OS_iPhone,OS_Windows 8.1,OS_Linux,OS_Windows Vista,OS_Windows 8.0,OS_MacOS,OS_Windows XP,OS_Windows 7,paid_percent,mean_hours,stdev_hours,About,Add Friend,Add to Playlist,Downgrade,Error,Help,Home,Logout,NextSong,Roll Advert,Save Settings,Settings,Submit Downgrade,Submit Upgrade,Thumbs Down,Thumbs Up,Upgrade,mean_songs,stdev_songs,num_aritst,mean_session_h,stdev_session_h,num_sessions,days_total_subscription
200003,0,0,0,0,0,0,0,0,0,0,1,16.910785619174433,3.9399177884615373,2.4753899540237914,0.0,1.4329580348004094,1.6376663254861823,0.511770726714432,0.0,0.2047082906857728,4.094165813715456,1.9447287615148412,76.86796315250768,5.527123848515865,0.1023541453428864,0.511770726714432,0.2047082906857728,0.1023541453428864,2.5588536335721597,3.7871033776867966,0.511770726714432,57.76923076923077,36.51975229505682,616,3.6074206349206355,2.5931199043663287,14,152.84206018518518
