userId,churn,gender,OS_iPad,OS_iPhone,OS_Windows 8.1,OS_Linux,OS_Windows Vista,OS_Windows 8.0,OS_MacOS,OS_Windows XP,OS_Windows 7,paid_percent,mean_hours,stdev_hours,About,Add Friend,Add to Playlist,Downgrade,Error,Help,Home,Logout,NextSong,Roll Advert,Save Settings,Settings,Submit Downgrade,Submit Upgrade,Thumbs Down,Thumbs Up,Upgrade,mean_songs,stdev_songs,num_aritst,mean_session_h,stdev_session_h,num_sessions,days_total_subscription
9,0,1,0,0,0,0,0,0,0,0,1,93.04932735426009,6.15344460935185,4.298234988795509,0.2820432466311501,1.2535255405828893,2.413036665622062,1.0028204324663115,0.0940144155437167,0.4700720777185835,3.666562206204951,1.065496709495456,83.86085866499529,0.5014102162331557,0.031338138514572234,0.3760576621748668,0.031338138514572234,0.06267627702914447,1.0028204324663115,3.697900344719524,0.1880288310874334,89.2,62.232822030910945,1673,5.876281362007169,4.352891638396778,31,60.832430555555554
