userId,churn,gender,OS_iPad,OS_iPhone,OS_Windows 8.1,OS_Linux,OS_Windows Vista,OS_Windows 8.0,OS_MacOS,OS_Windows XP,OS_Windows 7,paid_percent,mean_hours,stdev_hours,About,Add Friend,Add to Playlist,Downgrade,Error,Help,Home,Logout,NextSong,Roll Advert,Save Settings,Settings,Submit Downgrade,Submit Upgrade,Thumbs Down,Thumbs Up,Upgrade,mean_songs,stdev_songs,num_aritst,mean_session_h,stdev_session_h,num_sessions,days_total_subscription
37,0,1,0,0,0,0,0,0,0,0,1,96.95467422096317,7.037741490674606,7.768534316648227,0.23781212841854932,1.9619500594530321,2.199762187871581,0.7728894173602854,0.178359096313912,0.2972651605231867,3.4482758620689653,0.7728894173602854,83.94768133174792,0.23781212841854932,0.178359096313912,0.535077288941736,0.0,0.05945303210463733,0.6539833531510106,4.4589774078478,0.05945303210463733,100.85714285714286,109.08984098711211,1018,6.546851851851852,7.745991783422426,15,94.56951388888889
