userId,churn,gender,OS_iPad,OS_iPhone,OS_Windows 8.1,OS_Linux,OS_Windows Vista,OS_Windows 8.0,OS_MacOS,OS_Windows XP,OS_Windows 7,paid_percent,mean_hours,stdev_hours,About,Add Friend,Add to Playlist,Downgrade,Error,Help,Home,Logout,NextSong,Roll Advert,Save Settings,Settings,Submit Downgrade,Submit Upgrade,Thumbs Down,Thumbs Up,Upgrade,mean_songs,stdev_songs,num_aritst,mean_session_h,stdev_session_h,num_sessions,days_total_subscription
98,0,1,0,0,0,0,0,0,1,0,0,84.67305289462725,6.068471998710317,7.305675596234765,0.10377032168799724,1.5565548253199584,2.0062262193012796,0.8647526807333102,0.10377032168799724,0.5188516084399862,3.9778623313732275,1.349014181943964,83.05084745762711,1.0377032168799725,0.13836042891732964,0.4496713939813214,0.0,0.03459010722933241,0.7609823590453131,3.9778623313732275,0.06918021445866482,85.75,100.26838983448373,1535,6.175228174603174,7.430672736683635,28,63.409618055555555
