userId,churn,gender,OS_iPad,OS_iPhone,OS_Windows 8.1,OS_Linux,OS_Windows Vista,OS_Windows 8.0,OS_MacOS,OS_Windows XP,OS_Windows 7,paid_percent,mean_hours,stdev_hours,About,Add Friend,Add to Playlist,Downgrade,Error,Help,Home,Logout,NextSong,Roll Advert,Save Settings,Settings,Submit Downgrade,Submit Upgrade,Thumbs Down,Thumbs Up,Upgrade,mean_songs,stdev_songs,num_aritst,mean_session_h,stdev_session_h,num_sessions,days_total_subscription
77,0,0,0,0,0,0,0,0,0,0,1,92.93218720152817,10.409869339285711,10.74736120504293,0.4882017900732303,0.6509357200976403,1.8714401952807163,0.7323026851098454,0.0,0.40683482506102525,4.393816110659072,1.2205044751830758,85.19121236777868,0.4882017900732303,0.0,0.16273393002441008,0.08136696501220504,0.08136696501220504,0.32546786004882017,3.7428803905614325,0.16273393002441008,149.57142857142858,151.97681527441077,809,9.094548611111112,10.643747472105156,8,65.07229166666667
