userId,churn,gender,OS_iPad,OS_iPhone,OS_Windows 8.1,OS_Linux,OS_Windows Vista,OS_Windows 8.0,OS_MacOS,OS_Windows XP,OS_Windows 7,paid_percent,mean_hours,stdev_hours,About,Add Friend,Add to Playlist,Downgrade,Error,Help,Home,Logout,NextSong,Roll Advert,Save Settings,Settings,Submit Downgrade,Submit Upgrade,Thumbs Down,Thumbs Up,Upgrade,mean_songs,stdev_songs,num_aritst,mean_session_h,stdev_session_h,num_sessions,days_total_subscription
36,0,0,0,0,0,0,0,0,0,0,1,64.42141623488774,4.381724727314815,6.578994482990513,0.07147962830593281,2.501786990707648,1.6440314510364546,0.21443888491779842,0.07147962830593281,0.5003573981415297,3.073624017155111,1.2151536812008579,82.77340957827019,2.4303073624017157,0.0,0.28591851322373124,0.0,0.07147962830593281,0.8577555396711937,3.7884203002144385,0.5003573981415297,64.33333333333333,96.80544466943509,861,3.889819444444444,6.355031701432354,20,108.1974537037037
