userId,churn,gender,OS_iPad,OS_iPhone,OS_Windows 8.1,OS_Linux,OS_Windows Vista,OS_Windows 8.0,OS_MacOS,OS_Windows XP,OS_Windows 7,paid_percent,mean_hours,stdev_hours,About,Add Friend,Add to Playlist,Downgrade,Error,Help,Home,Logout,NextSong,Roll Advert,Save Settings,Settings,Submit Downgrade,Submit Upgrade,Thumbs Down,Thumbs Up,Upgrade,mean_songs,stdev_songs,num_aritst,mean_session_h,stdev_session_h,num_sessions,days_total_subscription
100016,0,1,0,0,0,1,0,0,0,0,0,86.22641509433963,4.49224834513889,5.4574619247502385,0.1567398119122257,2.037617554858934,0.9404388714733543,0.9404388714733543,0.1567398119122257,0.4702194357366771,3.2915360501567394,1.4106583072100314,83.07210031347962,2.507836990595611,0.0,0.1567398119122257,0.1567398119122257,0.0,0.7836990595611284,3.918495297805643,0.0,66.25,81.14141095290721,432,4.423402777777778,5.458937261613708,8,75.01533564814815
