userId,churn,gender,OS_iPad,OS_iPhone,OS_Windows 8.1,OS_Linux,OS_Windows Vista,OS_Windows 8.0,OS_MacOS,OS_Windows XP,OS_Windows 7,paid_percent,mean_hours,stdev_hours,About,Add Friend,Add to Playlist,Downgrade,Error,Help,Home,Logout,NextSong,Roll Advert,Save Settings,Settings,Submit Downgrade,Submit Upgrade,Thumbs Down,Thumbs Up,Upgrade,mean_songs,stdev_songs,num_aritst,mean_session_h,stdev_session_h,num_sessions,days_total_subscription
96,0,0,0,0,0,0,0,0,1,0,0,90.17758046614873,6.615385647514621,10.314038962789086,0.13786764705882354,1.8382352941176472,2.389705882352941,0.9191176470588236,0.09191176470588235,0.4136029411764706,3.262867647058824,1.1029411764705883,82.8125,0.78125,0.04595588235294117,0.5974264705882353,0.04595588235294117,0.04595588235294117,1.1029411764705883,4.227941176470589,0.1838235294117647,94.84210526315789,146.17655350746793,1238,6.539488304093568,10.293773596941111,19,73.93668981481481
