userId,churn,gender,OS_iPad,OS_iPhone,OS_Windows 8.1,OS_Linux,OS_Windows Vista,OS_Windows 8.0,OS_MacOS,OS_Windows XP,OS_Windows 7,paid_percent,mean_hours,stdev_hours,About,Add Friend,Add to Playlist,Downgrade,Error,Help,Home,Logout,NextSong,Roll Advert,Save Settings,Settings,Submit Downgrade,Submit Upgrade,Thumbs Down,Thumbs Up,Upgrade,mean_songs,stdev_songs,num_aritst,mean_session_h,stdev_session_h,num_sessions,days_total_subscription
102,0,1,0,0,0,0,0,0,0,0,1,0.0,1.4662805055555552,1.089870795592118,0.0,0.0,0.49504950495049505,0.0,0.49504950495049505,0.0,5.445544554455446,2.4752475247524752,78.21782178217822,8.415841584158416,0.0,0.49504950495049505,0.0,0.0,0.9900990099009901,2.9702970297029703,0.0,19.75,14.360163150684803,153,1.3996180555555555,1.1024858169501677,8,64.68184027777778
103,1,0,0,0,0,0,0,0,1,0,0,81.91985088536813,7.423692608888888,10.610519640183986,0.0764525993883792,1.91131498470948,3.211009174311927,0.9938837920489296,0.0,0.5351681957186544,3.4403669724770642,1.0703363914373087,82.03363914373088,1.0703363914373087,0.0764525993883792,0.382262996941896,0.0764525993883792,0.1529051987767584,0.6880733944954129,3.9755351681957185,0.3058103975535168,107.3,156.7815536201742,835,6.694520202020201,10.291384976719957,11,42.13234953703704
