userId,churn,gender,OS_iPad,OS_iPhone,OS_Windows 8.1,OS_Linux,OS_Windows Vista,OS_Windows 8.0,OS_MacOS,OS_Windows XP,OS_Windows 7,paid_percent,mean_hours,stdev_hours,About,Add Friend,Add to Playlist,Downgrade,Error,Help,Home,Logout,NextSong,Roll Advert,Save Settings,Settings,Submit Downgrade,Submit Upgrade,Thumbs Down,Thumbs Up,Upgrade,mean_songs,stdev_songs,num_aritst,mean_session_h,stdev_session_h,num_sessions,days_total_subscription
8,0,0,0,0,0,0,0,0,0,0,1,0.0,2.515616345634921,2.8231537038345476,0.29940119760479045,1.4970059880239521,1.7964071856287425,0.0,0.5988023952095809,0.0,6.287425149700598,2.3952095808383236,75.1497005988024,5.389221556886228,0.0,0.0,0.0,0.0,0.8982035928143712,4.790419161676647,0.8982035928143712,35.857142857142854,40.10165653863761,231,2.4480158730158728,2.8122823803716535,7,114.99788194444444
