userId,churn,gender,OS_iPad,OS_iPhone,OS_Windows 8.1,OS_Linux,OS_Windows Vista,OS_Windows 8.0,OS_MacOS,OS_Windows XP,OS_Windows 7,paid_percent,mean_hours,stdev_hours,About,Add Friend,Add to Playlist,Downgrade,Error,Help,Home,Logout,NextSong,Roll Advert,Save Settings,Settings,Submit Downgrade,Submit Upgrade,Thumbs Down,Thumbs Up,Upgrade,mean_songs,stdev_songs,num_aritst,mean_session_h,stdev_session_h,num_sessions,days_total_subscription
7,0,1,0,0,0,0,0,0,0,0,1,0.0,1.5092891706349203,1.7372572756564078,0.0,0.4975124378109453,2.4875621890547266,0.0,0.4975124378109453,0.4975124378109453,4.975124378109453,1.4925373134328357,74.6268656716418,7.960199004975125,0.4975124378109453,1.4925373134328357,0.0,0.0,0.4975124378109453,3.482587064676617,0.9950248756218906,21.428571428571427,23.859709015109853,143,1.4606746031746032,1.7396404190170895,7,72.77818287037037
