userId,churn,gender,OS_iPad,OS_iPhone,OS_Windows 8.1,OS_Linux,OS_Windows Vista,OS_Windows 8.0,OS_MacOS,OS_Windows XP,OS_Windows 7,paid_percent,mean_hours,stdev_hours,About,Add Friend,Add to Playlist,Downgrade,Error,Help,Home,Logout,NextSong,Roll Advert,Save Settings,Settings,Submit Downgrade,Submit Upgrade,Thumbs Down,Thumbs Up,Upgrade,mean_songs,stdev_songs,num_aritst,mean_session_h,stdev_session_h,num_sessions,days_total_subscription
13,0,0,0,1,0,0,0,0,0,0,0,29.609375,2.640059101767677,3.947328532946798,0.36275695284159615,1.9347037484885126,2.2370012091898426,0.48367593712212814,0.0,0.48367593712212814,4.534461910519952,2.1160822249093107,77.38814993954051,4.474002418379685,0.24183796856106407,0.8464328899637243,0.12091898428053204,0.12091898428053204,0.8464328899637243,3.4461910519951635,0.36275695284159615,38.78787878787879,57.47866863876414,930,2.5767929292929286,3.947254148999838,33,119.45459490740741
