userId,churn,gender,OS_iPad,OS_iPhone,OS_Windows 8.1,OS_Linux,OS_Windows Vista,OS_Windows 8.0,OS_MacOS,OS_Windows XP,OS_Windows 7,paid_percent,mean_hours,stdev_hours,About,Add Friend,Add to Playlist,Downgrade,Error,Help,Home,Logout,NextSong,Roll Advert,Save Settings,Settings,Submit Downgrade,Submit Upgrade,Thumbs Down,Thumbs Up,Upgrade,mean_songs,stdev_songs,num_aritst,mean_session_h,stdev_session_h,num_sessions,days_total_subscription
300002,0,0,0,0,0,0,0,0,1,0,0,96.83229813664596,6.205369233641972,9.56934906430634,0.10198878123406425,1.4278429372768995,2.9066802651708312,0.407955124936257,0.05099439061703213,0.815910249872514,2.8046914839367667,0.6119326874043856,82.10096889342172,0.2039775624681285,0.05099439061703213,0.5099439061703213,0.05099439061703213,0.10198878123406425,0.5609382967873533,7.139214686384497,0.1529831718510964,89.44444444444444,137.69242032290336,1107,6.213750000000001,9.629485116921446,18,124.38989583333333
