userId,churn,gender,OS_iPad,OS_iPhone,OS_Windows 8.1,OS_Linux,OS_Windows Vista,OS_Windows 8.0,OS_MacOS,OS_Windows XP,OS_Windows 7,paid_percent,mean_hours,stdev_hours,About,Add Friend,Add to Playlist,Downgrade,Error,Help,Home,Logout,NextSong,Roll Advert,Save Settings,Settings,Submit Downgrade,Submit Upgrade,Thumbs Down,Thumbs Up,Upgrade,mean_songs,stdev_songs,num_aritst,mean_session_h,stdev_session_h,num_sessions,days_total_subscription
131,0,1,0,0,0,0,0,0,1,0,0,94.8849104859335,6.365756481045752,4.663265334722357,0.2683843263553409,1.3955984970477724,2.737520128824477,0.8051529790660225,0.2147074610842727,0.6977992485238862,2.898550724637681,0.966183574879227,83.9506172839506,0.2683843263553409,0.10735373054213634,0.5367686527106817,0.10735373054213634,0.05367686527106817,1.0735373054213635,3.864734299516908,0.05367686527106817,92.0,66.5713902513685,1101,5.670409356725147,4.857994556838214,19,120.89991898148148
