userId,churn,gender,OS_iPad,OS_iPhone,OS_Windows 8.1,OS_Linux,OS_Windows Vista,OS_Windows 8.0,OS_MacOS,OS_Windows XP,OS_Windows 7,paid_percent,mean_hours,stdev_hours,About,Add Friend,Add to Playlist,Downgrade,Error,Help,Home,Logout,NextSong,Roll Advert,Save Settings,Settings,Submit Downgrade,Submit Upgrade,Thumbs Down,Thumbs Up,Upgrade,mean_songs,stdev_songs,num_aritst,mean_session_h,stdev_session_h,num_sessions,days_total_subscription
200017,1,1,0,0,0,0,0,0,1,0,0,66.73427991886409,2.8594149298611113,4.285348028142509,0.0,1.2944983818770228,1.779935275080906,0.6472491909385114,0.16181229773462785,0.3236245954692557,4.368932038834951,1.779935275080906,79.77346278317152,1.4563106796116505,0.0,0.6472491909385114,0.0,0.16181229773462785,2.5889967637540456,4.692556634304207,0.3236245954692557,41.083333333333336,60.77747539303944,417,3.1715509259259265,4.7508653406622345,12,60.986805555555556
