userId,churn,gender,OS_iPad,OS_iPhone,OS_Windows 8.1,OS_Linux,OS_Windows Vista,OS_Windows 8.0,OS_MacOS,OS_Windows XP,OS_Windows 7,paid_percent,mean_hours,stdev_hours,About,Add Friend,Add to Playlist,Downgrade,Error,Help,Home,Logout,NextSong,Roll Advert,Save Settings,Settings,Submit Downgrade,Submit Upgrade,Thumbs Down,Thumbs Up,Upgrade,mean_songs,stdev_songs,num_aritst,mean_session_h,stdev_session_h,num_sessions,days_total_subscription
300015,0,1,0,1,0,0,0,0,0,0,0,97.58320126782884,5.212620612373736,4.866696703660762,0.13110455588331696,1.5404785316289742,2.0976728941330713,0.7210750573582432,0.13110455588331696,0.39331366764995085,3.3759423139954112,0.950508030154048,82.72697476237299,0.19665683382497542,0.16388069485414616,0.5244182235332678,0.03277613897082924,0.06555227794165848,0.557194362504097,6.325794821370042,0.06555227794165848,76.48484848484848,73.0796317434453,1602,6.365925925925925,6.244545855009296,33,171.48203703703703
