userId,churn,gender,OS_iPad,OS_iPhone,OS_Windows 8.1,OS_Linux,OS_Windows Vista,OS_Windows 8.0,OS_MacOS,OS_Windows XP,OS_Windows 7,paid_percent,mean_hours,stdev_hours,About,Add Friend,Add to Playlist,Downgrade,Error,Help,Home,Logout,NextSong,Roll Advert,Save Settings,Settings,Submit Downgrade,Submit Upgrade,Thumbs Down,Thumbs Up,Upgrade,mean_songs,stdev_songs,num_aritst,mean_session_h,stdev_session_h,num_sessions,days_total_subscription
100012,1,1,0,0,0,0,0,0,1,0,0,46.42857142857143,5.347377458796296,4.07916964051301,0.16722408026755853,0.33444816053511706,2.0066889632107023,0.6688963210702341,0.0,0.33444816053511706,4.51505016722408,1.0033444816053512,79.59866220735786,6.354515050167224,0.0,0.0,0.16722408026755853,0.16722408026755853,1.5050167224080269,3.0100334448160537,0.16722408026755853,79.33333333333333,60.69156998024244,398,4.523968253968254,4.215980229206834,7,43.05261574074074
