userId,churn,gender,OS_iPad,OS_iPhone,OS_Windows 8.1,OS_Linux,OS_Windows Vista,OS_Windows 8.0,OS_MacOS,OS_Windows XP,OS_Windows 7,paid_percent,mean_hours,stdev_hours,About,Add Friend,Add to Playlist,Downgrade,Error,Help,Home,Logout,NextSong,Roll Advert,Save Settings,Settings,Submit Downgrade,Submit Upgrade,Thumbs Down,Thumbs Up,Upgrade,mean_songs,stdev_songs,num_aritst,mean_session_h,stdev_session_h,num_sessions,days_total_subscription
26,0,1,0,0,0,0,0,0,0,0,1,0.0,2.2651442864583333,1.759875802126515,0.0,1.7804154302670623,2.3738872403560833,0.0,0.0,1.1869436201780417,5.044510385756676,1.7804154302670623,75.66765578635015,6.528189910979229,0.0,1.1869436201780417,0.0,0.2967359050445104,0.2967359050445104,3.5608308605341246,0.2967359050445104,31.875,24.993927834004573,230,3.208368055555556,2.2933869466127472,8,77.53899305555555
