userId,churn,gender,OS_iPad,OS_iPhone,OS_Windows 8.1,OS_Linux,OS_Windows Vista,OS_Windows 8.0,OS_MacOS,OS_Windows XP,OS_Windows 7,paid_percent,mean_hours,stdev_hours,About,Add Friend,Add to Playlist,Downgrade,Error,Help,Home,Logout,NextSong,Roll Advert,Save Settings,Settings,Submit Downgrade,Submit Upgrade,Thumbs Down,Thumbs Up,Upgrade,mean_songs,stdev_songs,num_aritst,mean_session_h,stdev_session_h,num_sessions,days_total_subscription
109,0,0,0,0,0,0,0,0,0,0,1,88.8423988842399,4.142614390277777,4.8220473035476905,0.11614401858304298,1.3937282229965158,1.8583042973286876,1.3937282229965158,0.0,1.1614401858304297,3.948896631823461,1.3937282229965158,83.27526132404182,0.8130081300813009,0.11614401858304298,0.6968641114982579,0.11614401858304298,0.11614401858304298,0.5807200929152149,2.671312427409988,0.34843205574912894,59.75,69.74254603377143,581,4.105624999999999,4.851541874451242,12,87.99846064814815
