userId,churn,gender,OS_iPad,OS_iPhone,OS_Windows 8.1,OS_Linux,OS_Windows Vista,OS_Windows 8.0,OS_MacOS,OS_Windows XP,OS_Windows 7,paid_percent,mean_hours,stdev_hours,About,Add Friend,Add to Playlist,Downgrade,Error,Help,Home,Logout,NextSong,Roll Advert,Save Settings,Settings,Submit Downgrade,Submit Upgrade,Thumbs Down,Thumbs Up,Upgrade,mean_songs,stdev_songs,num_aritst,mean_session_h,stdev_session_h,num_sessions,days_total_subscription
200004,0,1,0,0,0,0,0,0,1,0,0,100.0,4.643566584188034,4.173722057557859,0.14084507042253522,0.9859154929577465,3.145539906103286,1.3145539906103285,0.046948356807511735,0.42253521126760557,3.2394366197183095,1.1737089201877933,81.78403755868544,0.046948356807511735,0.32863849765258213,0.8450704225352111,0.0,0.0,2.535211267605634,3.9906103286384975,0.0,67.0,60.97934076390134,1197,4.25657738095238,4.199667191735504,28,65.45400462962964
