userId,churn,gender,OS_iPad,OS_iPhone,OS_Windows 8.1,OS_Linux,OS_Windows Vista,OS_Windows 8.0,OS_MacOS,OS_Windows XP,OS_Windows 7,paid_percent,mean_hours,stdev_hours,About,Add Friend,Add to Playlist,Downgrade,Error,Help,Home,Logout,NextSong,Roll Advert,Save Settings,Settings,Submit Downgrade,Submit Upgrade,Thumbs Down,Thumbs Up,Upgrade,mean_songs,stdev_songs,num_aritst,mean_session_h,stdev_session_h,num_sessions,days_total_subscription
300025,0,1,0,0,0,0,0,0,0,0,1,94.3716268311488,5.526309063541667,5.67746686706415,0.06238303181534623,1.0605115408608858,2.6200873362445414,0.43668122270742354,0.12476606363069245,0.37429819089207733,2.9320024953212727,1.122894572676232,80.91079226450405,0.12476606363069245,0.12476606363069245,0.43668122270742354,0.0,0.06238303181534623,0.8109794135995009,8.671241422333125,0.12476606363069245,81.0625,82.79007086199005,956,5.454809027777778,5.664443151924672,16,76.6900462962963
