userId,churn,gender,OS_iPad,OS_iPhone,OS_Windows 8.1,OS_Linux,OS_Windows Vista,OS_Windows 8.0,OS_MacOS,OS_Windows XP,OS_Windows 7,paid_percent,mean_hours,stdev_hours,About,Add Friend,Add to Playlist,Downgrade,Error,Help,Home,Logout,NextSong,Roll Advert,Save Settings,Settings,Submit Downgrade,Submit Upgrade,Thumbs Down,Thumbs Up,Upgrade,mean_songs,stdev_songs,num_aritst,mean_session_h,stdev_session_h,num_sessions,days_total_subscription
200011,1,1,0,0,0,0,0,0,1,0,0,44.92307692307692,4.197431434848486,3.1664616632420755,0.1182033096926714,1.5366430260047281,2.127659574468085,1.1820330969267139,0.1182033096926714,0.7092198581560284,3.7825059101654848,1.3002364066193852,76.8321513002364,3.1914893617021276,0.3546099290780142,0.9456264775413712,0.1182033096926714,0.1182033096926714,2.8368794326241136,4.373522458628842,0.3546099290780142,59.09090909090909,43.92597078142848,532,4.129747474747475,3.162011545391229,11,109.27394675925926
