userId,churn,gender,OS_iPad,OS_iPhone,OS_Windows 8.1,OS_Linux,OS_Windows Vista,OS_Windows 8.0,OS_MacOS,OS_Windows XP,OS_Windows 7,paid_percent,mean_hours,stdev_hours,About,Add Friend,Add to Playlist,Downgrade,Error,Help,Home,Logout,NextSong,Roll Advert,Save Settings,Settings,Submit Downgrade,Submit Upgrade,Thumbs Down,Thumbs Up,Upgrade,mean_songs,stdev_songs,num_aritst,mean_session_h,stdev_session_h,num_sessions,days_total_subscription
300014,0,1,0,0,0,0,0,0,0,0,1,98.21428571428571,3.294501753240741,1.8256750592014337,0.2770083102493075,0.8310249307479225,2.7700831024930745,0.8310249307479225,0.2770083102493075,1.10803324099723,4.43213296398892,0.8310249307479225,77.5623268698061,0.0,0.2770083102493075,0.554016620498615,0.0,0.2770083102493075,2.21606648199446,7.479224376731302,0.2770083102493075,46.666666666666664,25.578636919637972,249,2.770238095238095,2.0833364347419594,7,100.3783912037037
