userId,churn,gender,OS_iPad,OS_iPhone,OS_Windows 8.1,OS_Linux,OS_Windows Vista,OS_Windows 8.0,OS_MacOS,OS_Windows XP,OS_Windows 7,paid_percent,mean_hours,stdev_hours,About,Add Friend,Add to Playlist,Downgrade,Error,Help,Home,Logout,NextSong,Roll Advert,Save Settings,Settings,Submit Downgrade,Submit Upgrade,Thumbs Down,Thumbs Up,Upgrade,mean_songs,stdev_songs,num_aritst,mean_session_h,stdev_session_h,num_sessions,days_total_subscription
100014,1,1,0,0,0,0,0,0,0,0,1,100.0,3.134420003703703,1.7543652306205215,0.0,1.948051948051948,2.272727272727273,0.974025974025974,0.0,0.6493506493506493,2.272727272727273,0.974025974025974,83.44155844155844,0.6493506493506493,0.0,0.3246753246753247,0.0,0.0,0.974025974025974,5.51948051948052,0.0,42.833333333333336,24.400136611639425,234,3.0802314814814817,1.7541325317050616,6,85.08340277777778
