userId,churn,gender,OS_iPad,OS_iPhone,OS_Windows 8.1,OS_Linux,OS_Windows Vista,OS_Windows 8.0,OS_MacOS,OS_Windows XP,OS_Windows 7,paid_percent,mean_hours,stdev_hours,About,Add Friend,Add to Playlist,Downgrade,Error,Help,Home,Logout,NextSong,Roll Advert,Save Settings,Settings,Submit Downgrade,Submit Upgrade,Thumbs Down,Thumbs Up,Upgrade,mean_songs,stdev_songs,num_aritst,mean_session_h,stdev_session_h,num_sessions,days_total_subscription
106,1,0,0,0,0,0,0,0,1,0,0,87.36591179976162,4.769816742592592,3.698969287476798,0.0,2.876984126984127,2.7777777777777777,0.2976190476190476,0.0,0.496031746031746,3.273809523809524,1.0912698412698412,83.23412698412699,0.3968253968253968,0.0992063492063492,0.3968253968253968,0.0,0.0992063492063492,0.5952380952380952,4.265873015873016,0.0992063492063492,69.91666666666667,54.264433912819804,654,4.7960416666666665,3.7473694011668917,12,40.357511574074074
