userId,churn,gender,OS_iPad,OS_iPhone,OS_Windows 8.1,OS_Linux,OS_Windows Vista,OS_Windows 8.0,OS_MacOS,OS_Windows XP,OS_Windows 7,paid_percent,mean_hours,stdev_hours,About,Add Friend,Add to Playlist,Downgrade,Error,Help,Home,Logout,NextSong,Roll Advert,Save Settings,Settings,Submit Downgrade,Submit Upgrade,Thumbs Down,Thumbs Up,Upgrade,mean_songs,stdev_songs,num_aritst,mean_session_h,stdev_session_h,num_sessions,days_total_subscription
147,0,1,0,0,0,0,0,0,0,0,1,73.6745886654479,4.209052565123456,4.4103722824817995,0.0,2.232142857142857,1.7857142857142856,0.8928571428571428,0.0,1.0416666666666665,4.017857142857143,1.7857142857142856,81.39880952380952,1.636904761904762,0.0,0.1488095238095238,0.0,0.1488095238095238,0.4464285714285714,4.166666666666666,0.2976190476190476,60.77777777777778,62.90226104397555,467,3.7339999999999995,4.349046592300747,10,68.9053587962963
