userId,churn,gender,OS_iPad,OS_iPhone,OS_Windows 8.1,OS_Linux,OS_Windows Vista,OS_Windows 8.0,OS_MacOS,OS_Windows XP,OS_Windows 7,paid_percent,mean_hours,stdev_hours,About,Add Friend,Add to Playlist,Downgrade,Error,Help,Home,Logout,NextSong,Roll Advert,Save Settings,Settings,Submit Downgrade,Submit Upgrade,Thumbs Down,Thumbs Up,Upgrade,mean_songs,stdev_songs,num_aritst,mean_session_h,stdev_session_h,num_sessions,days_total_subscription
53,1,1,0,0,0,0,0,0,1,0,0,80.29782359679267,5.702792077910051,7.417322810577363,0.19398642095053348,1.212415130940834,2.2308438409311346,0.6304558680892337,0.09699321047526674,0.533462657613967,3.055286129970902,0.921435499515034,84.67507274490785,1.212415130940834,0.1454898157129001,0.6789524733268671,0.0,0.04849660523763337,0.7759456838021339,3.3462657613967024,0.24248302618816686,83.14285714285714,108.06955432233711,1199,5.364873737373737,7.320435402596797,22,53.01773148148148
