userId,churn,gender,OS_iPad,OS_iPhone,OS_Windows 8.1,OS_Linux,OS_Windows Vista,OS_Windows 8.0,OS_MacOS,OS_Windows XP,OS_Windows 7,paid_percent,mean_hours,stdev_hours,About,Add Friend,Add to Playlist,Downgrade,Error,Help,Home,Logout,NextSong,Roll Advert,Save Settings,Settings,Submit Downgrade,Submit Upgrade,Thumbs Down,Thumbs Up,Upgrade,mean_songs,stdev_songs,num_aritst,mean_session_h,stdev_session_h,num_sessions,days_total_subscription
114,0,1,0,0,0,0,0,0,0,0,1,91.25386996904025,5.691606154861112,4.877906739980893,0.25856496444731736,0.8403361344537815,2.197802197802198,0.5171299288946347,0.12928248222365868,0.6464124111182934,4.266321913380737,1.098901098901099,83.51648351648352,0.5817711700064642,0.0,0.19392372333548805,0.0,0.06464124111182934,0.7756948933419522,4.783451842275372,0.12928248222365868,80.75,67.9318285734554,933,5.301176470588235,4.904894902633268,17,71.39887731481481
