userId,churn,gender,OS_iPad,OS_iPhone,OS_Windows 8.1,OS_Linux,OS_Windows Vista,OS_Windows 8.0,OS_MacOS,OS_Windows XP,OS_Windows 7,paid_percent,mean_hours,stdev_hours,About,Add Friend,Add to Playlist,Downgrade,Error,Help,Home,Logout,NextSong,Roll Advert,Save Settings,Settings,Submit Downgrade,Submit Upgrade,Thumbs Down,Thumbs Up,Upgrade,mean_songs,stdev_songs,num_aritst,mean_session_h,stdev_session_h,num_sessions,days_total_subscription
148,0,1,0,0,0,0,0,0,0,0,1,0.0,2.263816229861111,2.5305903128378673,0.19305019305019305,1.3513513513513513,0.9652509652509652,0.0,0.0,0.5791505791505791,5.019305019305019,1.7374517374517375,76.83397683397683,6.177606177606178,0.0,0.5791505791505791,0.0,0.0,0.5791505791505791,5.405405405405405,0.5791505791505791,33.166666666666664,36.60062923784317,351,2.205925925925926,2.5225969561357053,12,70.12188657407407
