userId,churn,gender,OS_iPad,OS_iPhone,OS_Windows 8.1,OS_Linux,OS_Windows Vista,OS_Windows 8.0,OS_MacOS,OS_Windows XP,OS_Windows 7,paid_percent,mean_hours,stdev_hours,About,Add Friend,Add to Playlist,Downgrade,Error,Help,Home,Logout,NextSong,Roll Advert,Save Settings,Settings,Submit Downgrade,Submit Upgrade,Thumbs Down,Thumbs Up,Upgrade,mean_songs,stdev_songs,num_aritst,mean_session_h,stdev_session_h,num_sessions,days_total_subscription
200006,0,0,0,0,0,0,0,0,1,0,0,0.0,1.768900497222222,2.0616838073594344,0.13513513513513514,1.0810810810810811,2.2972972972972974,0.0,0.2702702702702703,0.13513513513513514,5.27027027027027,2.1621621621621623,73.24324324324324,9.18918918918919,0.2702702702702703,0.2702702702702703,0.0,0.0,2.5675675675675675,2.837837837837838,0.2702702702702703,25.80952380952381,30.52641323119873,451,1.6975396825396831,2.056715574118568,21,73.64201388888888
