userId,churn,gender,OS_iPad,OS_iPhone,OS_Windows 8.1,OS_Linux,OS_Windows Vista,OS_Windows 8.0,OS_MacOS,OS_Windows XP,OS_Windows 7,paid_percent,mean_hours,stdev_hours,About,Add Friend,Add to Playlist,Downgrade,Error,Help,Home,Logout,NextSong,Roll Advert,Save Settings,Settings,Submit Downgrade,Submit Upgrade,Thumbs Down,Thumbs Up,Upgrade,mean_songs,stdev_songs,num_aritst,mean_session_h,stdev_session_h,num_sessions,days_total_subscription
74,0,0,0,0,0,0,0,0,1,0,0,88.16666666666667,7.599307469191921,6.840163874054622,0.13855213023900242,1.489435400069276,2.7710426047800487,1.0737790093522688,0.034638032559750606,0.4502944232767579,2.9095947350190507,0.8659508139937652,83.13127814340146,0.7620367163145133,0.034638032559750606,0.5888465535157603,0.034638032559750606,0.06927606511950121,0.8659508139937652,4.676134395566332,0.10391409767925182,109.0909090909091,98.66967937368413,1558,7.211473429951692,6.870170651752008,23,71.22346064814815
