userId,churn,gender,OS_iPad,OS_iPhone,OS_Windows 8.1,OS_Linux,OS_Windows Vista,OS_Windows 8.0,OS_MacOS,OS_Windows XP,OS_Windows 7,paid_percent,mean_hours,stdev_hours,About,Add Friend,Add to Playlist,Downgrade,Error,Help,Home,Logout,NextSong,Roll Advert,Save Settings,Settings,Submit Downgrade,Submit Upgrade,Thumbs Down,Thumbs Up,Upgrade,mean_songs,stdev_songs,num_aritst,mean_session_h,stdev_session_h,num_sessions,days_total_subscription
10,0,1,0,0,0,0,0,0,1,0,0,100.0,7.725295023611108,8.98565713929025,0.25157232704402516,1.509433962264151,1.1320754716981132,0.8805031446540881,0.0,0.12578616352201258,3.7735849056603774,1.3836477987421385,84.65408805031447,0.12578616352201258,0.12578616352201258,0.8805031446540881,0.0,0.0,0.5031446540880503,4.654088050314465,0.0,112.16666666666667,133.3242913600769,566,7.6624537037037035,8.99106144157593,6,51.76265046296297
100,0,1,0,0,0,0,0,0,0,0,1,91.34973900074571,5.497368109395424,5.137933323843454,0.37336652146857496,1.5245799626633478,1.8979464841319227,0.9334163036714374,0.09334163036714374,0.5600497822028625,3.266957062850031,1.088985687616677,83.44741754822651,0.7778469197261979,0.1555693839452396,0.3422526446795271,0.031113876789047916,0.031113876789047916,0.8400746733042938,4.604853764779091,0.031113876789047916,78.88235294117646,74.05762077123393,1706,5.275317460317461,5.133617863821283,35,64.87377314814815
