userId,churn,gender,OS_iPad,OS_iPhone,OS_Windows 8.1,OS_Linux,OS_Windows Vista,OS_Windows 8.0,OS_MacOS,OS_Windows XP,OS_Windows 7,paid_percent,mean_hours,stdev_hours,About,Add Friend,Add to Playlist,Downgrade,Error,Help,Home,Logout,NextSong,Roll Advert,Save Settings,Settings,Submit Downgrade,Submit Upgrade,Thumbs Down,Thumbs Up,Upgrade,mean_songs,stdev_songs,num_aritst,mean_session_h,stdev_session_h,num_sessions,days_total_subscription
45,0,0,0,0,1,0,0,0,0,0,0,88.74663072776279,6.798856054814816,8.047866711519719,0.16891891891891891,1.2387387387387387,2.421171171171171,1.0135135135135136,0.0,0.28153153153153154,3.65990990990991,1.0698198198198199,83.55855855855856,0.7319819819819819,0.22522522522522523,0.8445945945945946,0.0,0.05630630630630631,0.7319819819819819,3.772522522522523,0.22522522522522523,98.93333333333334,116.10676531701739,1058,6.329756944444444,7.96135738800987,16,81.08318287037036
