userId,churn,gender,OS_iPad,OS_iPhone,OS_Windows 8.1,OS_Linux,OS_Windows Vista,OS_Windows 8.0,OS_MacOS,OS_Windows XP,OS_Windows 7,paid_percent,mean_hours,stdev_hours,About,Add Friend,Add to Playlist,Downgrade,Error,Help,Home,Logout,NextSong,Roll Advert,Save Settings,Settings,Submit Downgrade,Submit Upgrade,Thumbs Down,Thumbs Up,Upgrade,mean_songs,stdev_songs,num_aritst,mean_session_h,stdev_session_h,num_sessions,days_total_subscription
73,1,0,0,0,0,0,0,0,0,0,1,96.81697612732096,4.362979235185185,3.2976820877752906,0.21978021978021978,2.417582417582418,2.417582417582418,0.21978021978021978,0.21978021978021978,0.8791208791208791,3.296703296703297,1.5384615384615385,82.85714285714286,0.21978021978021978,0.21978021978021978,0.43956043956043955,0.0,0.21978021978021978,1.5384615384615385,3.076923076923077,0.21978021978021978,62.833333333333336,49.53147147689705,335,4.318194444444445,3.305758895473171,6,49.76208333333334
