userId,churn,gender,OS_iPad,OS_iPhone,OS_Windows 8.1,OS_Linux,OS_Windows Vista,OS_Windows 8.0,OS_MacOS,OS_Windows XP,OS_Windows 7,paid_percent,mean_hours,stdev_hours,About,Add Friend,Add to Playlist,Downgrade,Error,Help,Home,Logout,NextSong,Roll Advert,Save Settings,Settings,Submit Downgrade,Submit Upgrade,Thumbs Down,Thumbs Up,Upgrade,mean_songs,stdev_songs,num_aritst,mean_session_h,stdev_session_h,num_sessions,days_total_subscription
83,0,1,0,0,0,1,0,0,0,0,0,77.7327935222672,3.1626662799382723,3.799218736298865,0.06684491978609625,1.2032085561497325,1.8716577540106951,0.9358288770053476,0.2005347593582888,0.6684491978609626,3.8770053475935833,0.8689839572192514,82.55347593582889,1.2700534759358288,0.1336898395721925,0.7352941176470588,0.0,0.06684491978609625,0.6684491978609626,4.612299465240642,0.267379679144385,45.74074074074074,54.942342220376524,927,2.9854464285714286,3.770525410007005,28,124.14094907407407
84,0,0,0,0,0,0,0,0,0,0,1,0.0,1.6769928555555556,0.8128144237326528,0.0,0.0,2.0618556701030926,0.0,0.0,1.0309278350515463,4.123711340206185,3.0927835051546393,75.25773195876289,10.309278350515463,0.0,0.0,0.0,0.0,0.0,4.123711340206185,0.0,24.333333333333332,10.598742063723098,70,1.5916666666666668,0.7994556886708283,3,52.468148148148146
