userId,churn,gender,OS_iPad,OS_iPhone,OS_Windows 8.1,OS_Linux,OS_Windows Vista,OS_Windows 8.0,OS_MacOS,OS_Windows XP,OS_Windows 7,paid_percent,mean_hours,stdev_hours,About,Add Friend,Add to Playlist,Downgrade,Error,Help,Home,Logout,NextSong,Roll Advert,Save Settings,Settings,Submit Downgrade,Submit Upgrade,Thumbs Down,Thumbs Up,Upgrade,mean_songs,stdev_songs,num_aritst,mean_session_h,stdev_session_h,num_sessions,days_total_subscription
139,0,1,0,1,0,0,0,0,0,0,0,92.83819628647215,6.60194549513889,6.317784207341281,0.2188183807439825,1.312910284463895,2.8446389496717726,1.9693654266958425,0.2188183807439825,0.2188183807439825,3.938730853391685,1.0940919037199124,82.4945295404814,0.2188183807439825,0.0,0.0,0.0,0.2188183807439825,1.0940919037199124,3.938730853391685,0.2188183807439825,94.25,89.24638181274727,335,6.5372916666666665,6.300494425757558,4,87.42347222222222
