userId,churn,gender,OS_iPad,OS_iPhone,OS_Windows 8.1,OS_Linux,OS_Windows Vista,OS_Windows 8.0,OS_MacOS,OS_Windows XP,OS_Windows 7,paid_percent,mean_hours,stdev_hours,About,Add Friend,Add to Playlist,Downgrade,Error,Help,Home,Logout,NextSong,Roll Advert,Save Settings,Settings,Submit Downgrade,Submit Upgrade,Thumbs Down,Thumbs Up,Upgrade,mean_songs,stdev_songs,num_aritst,mean_session_h,stdev_session_h,num_sessions,days_total_subscription
144,0,1,0,0,0,0,0,0,1,0,0,0.0,3.425053233333334,2.349450016730367,0.0,3.2,2.4,0.0,0.0,0.0,4.8,0.0,78.4,7.199999999999999,0.0,0.0,0.0,0.0,0.8,3.2,0.0,49.0,35.35533905932738,98,2.238425925925926,2.5802786948320358,3,98.94381944444444
145,0,0,0,0,0,1,0,0,0,0,0,100.0,5.69281938670635,4.836630080120856,0.22271714922048996,2.5241276911655532,2.0044543429844097,0.8908685968819599,0.0,0.07423904974016332,3.11804008908686,1.1135857461024499,83.8158871566444,0.0,0.22271714922048996,0.8908685968819599,0.0,0.0,0.5939123979213066,4.528582034149963,0.0,80.64285714285714,67.87500632424636,869,5.265203703703706,4.876081423112885,15,102.31814814814815
