userId,churn,gender,OS_iPad,OS_iPhone,OS_Windows 8.1,OS_Linux,OS_Windows Vista,OS_Windows 8.0,OS_MacOS,OS_Windows XP,OS_Windows 7,paid_percent,mean_hours,stdev_hours,About,Add Friend,Add to Playlist,Downgrade,Error,Help,Home,Logout,NextSong,Roll Advert,Save Settings,Settings,Submit Downgrade,Submit Upgrade,Thumbs Down,Thumbs Up,Upgrade,mean_songs,stdev_songs,num_aritst,mean_session_h,stdev_session_h,num_sessions,days_total_subscription
129,1,1,0,0,1,0,0,0,0,0,0,95.77039274924472,3.7593182217592584,4.642706162232938,0.4878048780487805,2.682926829268293,2.682926829268293,1.951219512195122,0.24390243902439024,0.4878048780487805,3.6585365853658534,1.2195121951219512,80.73170731707317,0.4878048780487805,0.24390243902439024,1.2195121951219512,0.0,0.24390243902439024,1.707317073170732,1.707317073170732,0.24390243902439024,55.166666666666664,68.59567527670143,280,3.1946031746031744,4.491334205317675,7,16.74056712962963
