userId,churn,gender,OS_iPad,OS_iPhone,OS_Windows 8.1,OS_Linux,OS_Windows Vista,OS_Windows 8.0,OS_MacOS,OS_Windows XP,OS_Windows 7,paid_percent,mean_hours,stdev_hours,About,Add Friend,Add to Playlist,Downgrade,Error,Help,Home,Logout,NextSong,Roll Advert,Save Settings,Settings,Submit Downgrade,Submit Upgrade,Thumbs Down,Thumbs Up,Upgrade,mean_songs,stdev_songs,num_aritst,mean_session_h,stdev_session_h,num_sessions,days_total_subscription
58,1,1,0,0,1,0,0,0,0,0,0,93.74262101534829,9.760106186805555,7.483380827688403,0.0,0.9382716049382716,2.4691358024691357,0.8888888888888888,0.0,0.6419753086419753,3.4074074074074074,1.037037037037037,83.65432098765432,0.5432098765432098,0.09876543209876544,0.5432098765432098,0.0,0.04938271604938272,0.9876543209876543,4.6419753086419755,0.09876543209876544,141.16666666666666,109.12031169421404,1160,9.69650462962963,7.483433784522176,12,26.22980324074074
