userId,churn,gender,OS_iPad,OS_iPhone,OS_Windows 8.1,OS_Linux,OS_Windows Vista,OS_Windows 8.0,OS_MacOS,OS_Windows XP,OS_Windows 7,paid_percent,mean_hours,stdev_hours,About,Add Friend,Add to Playlist,Downgrade,Error,Help,Home,Logout,NextSong,Roll Advert,Save Settings,Settings,Submit Downgrade,Submit Upgrade,Thumbs Down,Thumbs Up,Upgrade,mean_songs,stdev_songs,num_aritst,mean_session_h,stdev_session_h,num_sessions,days_total_subscription
61,0,1,0,1,0,0,0,0,0,0,0,66.70776818742293,5.942877324707599,8.622551905076246,0.05060728744939271,1.3157894736842104,2.5303643724696356,0.5060728744939271,0.10121457489878542,0.5060728744939271,3.7955465587044532,1.1133603238866396,82.08502024291498,2.479757085020243,0.05060728744939271,0.4554655870445344,0.10121457489878542,0.10121457489878542,0.5566801619433198,3.9473684210526314,0.30364372469635625,85.36842105263158,124.56823677822163,1094,7.194108187134505,10.002358858268698,19,72.211875
