userId,churn,gender,OS_iPad,OS_iPhone,OS_Windows 8.1,OS_Linux,OS_Windows Vista,OS_Windows 8.0,OS_MacOS,OS_Windows XP,OS_Windows 7,paid_percent,mean_hours,stdev_hours,About,Add Friend,Add to Playlist,Downgrade,Error,Help,Home,Logout,NextSong,Roll Advert,Save Settings,Settings,Submit Downgrade,Submit Upgrade,Thumbs Down,Thumbs Up,Upgrade,mean_songs,stdev_songs,num_aritst,mean_session_h,stdev_session_h,num_sessions,days_total_subscription
200021,1,0,0,0,0,0,0,0,1,0,0,85.73757131214343,5.220801225,4.437113887146315,0.2,1.2666666666666666,2.0,1.7333333333333332,0.06666666666666667,0.26666666666666666,3.5999999999999996,1.3333333333333335,81.8,0.7333333333333333,0.13333333333333333,0.6,0.0,0.06666666666666667,2.3333333333333335,3.6666666666666665,0.2,76.6875,66.31210925112649,909,4.851764705882353,4.457057135989603,17,70.66457175925926
