userId,churn,gender,OS_iPad,OS_iPhone,OS_Windows 8.1,OS_Linux,OS_Windows Vista,OS_Windows 8.0,OS_MacOS,OS_Windows XP,OS_Windows 7,paid_percent,mean_hours,stdev_hours,About,Add Friend,Add to Playlist,Downgrade,Error,Help,Home,Logout,NextSong,Roll Advert,Save Settings,Settings,Submit Downgrade,Submit Upgrade,Thumbs Down,Thumbs Up,Upgrade,mean_songs,stdev_songs,num_aritst,mean_session_h,stdev_session_h,num_sessions,days_total_subscription
100008,0,0,0,0,0,0,0,0,1,0,0,93.39378238341969,8.8609627787037,12.599651596167808,0.3191489361702127,1.8085106382978722,3.1914893617021276,1.0638297872340425,0.0,0.6382978723404255,2.553191489361702,0.7446808510638299,82.12765957446808,2.127659574468085,0.0,0.3191489361702127,0.10638297872340426,0.0,0.6382978723404255,3.9361702127659575,0.425531914893617,128.66666666666666,182.12816000461507,624,8.804212962962964,12.54121718207295,6,68.22856481481482
100009,1,1,0,0,0,0,0,0,0,0,1,53.861003861003866,3.604049713333334,3.3479496757916656,0.14947683109118087,1.046337817638266,1.7937219730941705,0.7473841554559043,0.0,0.8968609865470852,3.43796711509716,1.9431988041853512,77.42899850523169,6.278026905829597,0.14947683109118087,0.5979073243647235,0.14947683109118087,0.14947683109118087,1.195814648729447,3.43796711509716,0.5979073243647235,51.8,48.859890389652826,443,3.532694444444444,3.3486812711874165,10,37.43827546296296
