userId,churn,gender,OS_iPad,OS_iPhone,OS_Windows 8.1,OS_Linux,OS_Windows Vista,OS_Windows 8.0,OS_MacOS,OS_Windows XP,OS_Windows 7,paid_percent,mean_hours,stdev_hours,About,Add Friend,Add to Playlist,Downgrade,Error,Help,Home,Logout,NextSong,Roll Advert,Save Settings,Settings,Submit Downgrade,Submit Upgrade,Thumbs Down,Thumbs Up,Upgrade,mean_songs,stdev_songs,num_aritst,mean_session_h,stdev_session_h,num_sessions,days_total_subscription
54,1,0,0,0,0,0,0,0,0,0,1,84.54769447377683,5.645594599523808,6.7241639034102025,0.1455604075691412,0.9606986899563319,2.096069868995633,1.1353711790393013,0.029112081513828242,0.4949053857350801,3.755458515283843,1.0480349344978166,82.70742358078603,1.3682678311499272,0.08733624454148471,0.4949053857350801,0.029112081513828242,0.029112081513828242,0.8442503639010189,4.745269286754003,0.029112081513828242,81.17142857142858,98.4110484335042,1745,5.371493993993996,6.722524606551977,37,110.75168981481481
