userId,churn,gender,OS_iPad,OS_iPhone,OS_Windows 8.1,OS_Linux,OS_Windows Vista,OS_Windows 8.0,OS_MacOS,OS_Windows XP,OS_Windows 7,paid_percent,mean_hours,stdev_hours,About,Add Friend,Add to Playlist,Downgrade,Error,Help,Home,Logout,NextSong,Roll Advert,Save Settings,Settings,Submit Downgrade,Submit Upgrade,Thumbs Down,Thumbs Up,Upgrade,mean_songs,stdev_songs,num_aritst,mean_session_h,stdev_session_h,num_sessions,days_total_subscription
200018,1,1,0,1,0,0,0,0,0,0,0,0.0,2.8859570722222228,2.188892791839189,0.21008403361344538,3.1512605042016806,2.3109243697478994,0.0,0.0,0.21008403361344538,2.5210084033613445,1.050420168067227,77.10084033613445,6.722689075630252,0.0,0.8403361344537815,0.0,0.0,2.3109243697478994,2.73109243697479,0.8403361344537815,40.77777777777778,31.24811105402124,318,2.82179012345679,2.1836717918284556,9,48.56862268518518
200019,0,1,0,0,0,0,0,0,1,0,0,68.48484848484848,3.3843935844444446,2.8526105676365354,0.7824726134585289,1.2519561815336464,2.8169014084507045,0.9389671361502347,0.0,0.4694835680751174,4.538341158059469,1.8779342723004695,77.46478873239437,1.5649452269170578,0.0,0.4694835680751174,0.1564945226917058,0.1564945226917058,2.660406885758998,4.381846635367762,0.4694835680751174,49.5,41.40115403651878,428,3.3056111111111113,2.839829945376253,10,56.23005787037037
