userId,churn,gender,OS_iPad,OS_iPhone,OS_Windows 8.1,OS_Linux,OS_Windows Vista,OS_Windows 8.0,OS_MacOS,OS_Windows XP,OS_Windows 7,paid_percent,mean_hours,stdev_hours,About,Add Friend,Add to Playlist,Downgrade,Error,Help,Home,Logout,NextSong,Roll Advert,Save Settings,Settings,Submit Downgrade,Submit Upgrade,Thumbs Down,Thumbs Up,Upgrade,mean_songs,stdev_songs,num_aritst,mean_session_h,stdev_session_h,num_sessions,days_total_subscription
100023,1,1,0,0,0,0,0,0,0,0,1,93.61179361179362,2.8749496108333332,2.988848472410611,0.20325203252032523,2.8455284552845526,2.2357723577235773,1.8292682926829267,0.0,0.6097560975609756,4.0650406504065035,1.0162601626016259,82.72357723577237,1.2195121951219512,0.0,0.40650406504065045,0.0,0.20325203252032523,0.40650406504065045,2.0325203252032518,0.20325203252032523,40.7,41.64946311512044,351,2.8526666666666665,2.9874127085754365,10,32.362118055555555
