userId,churn,gender,OS_iPad,OS_iPhone,OS_Windows 8.1,OS_Linux,OS_Windows Vista,OS_Windows 8.0,OS_MacOS,OS_Windows XP,OS_Windows 7,paid_percent,mean_hours,stdev_hours,About,Add Friend,Add to Playlist,Downgrade,Error,Help,Home,Logout,NextSong,Roll Advert,Save Settings,Settings,Submit Downgrade,Submit Upgrade,Thumbs Down,Thumbs Up,Upgrade,mean_songs,stdev_songs,num_aritst,mean_session_h,stdev_session_h,num_sessions,days_total_subscription
28,1,0,0,0,0,0,0,0,0,0,1,72.27179135209335,5.333927470321638,6.413900750485627,0.16863406408094433,1.1242270938729624,2.810567734682406,0.8431703204047217,0.056211354693648116,0.39347948285553686,3.6537380550871275,1.3490725126475547,81.8999437886453,1.4614952220348512,0.0,0.33726812816188867,0.0,0.056211354693648116,1.2366498032602586,4.440697020798201,0.16863406408094433,76.6842105263158,92.03323833846295,1076,4.756640211640211,6.284535145714592,21,44.31443287037037
