userId,churn,gender,OS_iPad,OS_iPhone,OS_Windows 8.1,OS_Linux,OS_Windows Vista,OS_Windows 8.0,OS_MacOS,OS_Windows XP,OS_Windows 7,paid_percent,mean_hours,stdev_hours,About,Add Friend,Add to Playlist,Downgrade,Error,Help,Home,Logout,NextSong,Roll Advert,Save Settings,Settings,Submit Downgrade,Submit Upgrade,Thumbs Down,Thumbs Up,Upgrade,mean_songs,stdev_songs,num_aritst,mean_session_h,stdev_session_h,num_sessions,days_total_subscription
112,0,1,0,0,0,0,0,0,0,0,1,0.0,1.6377390922839508,1.5178169144718003,0.3424657534246575,2.3972602739726026,2.3972602739726026,0.0,0.0,0.3424657534246575,5.47945205479452,1.0273972602739725,73.63013698630137,7.191780821917808,1.0273972602739725,1.36986301369863,0.0,0.0,1.0273972602739725,3.0821917808219177,0.684931506849315,23.88888888888889,22.75106835098324,196,1.4075277777777777,1.5023444895203109,10,87.46262731481481
