userId,churn,gender,OS_iPad,OS_iPhone,OS_Windows 8.1,OS_Linux,OS_Windows Vista,OS_Windows 8.0,OS_MacOS,OS_Windows XP,OS_Windows 7,paid_percent,mean_hours,stdev_hours,About,Add Friend,Add to Playlist,Downgrade,Error,Help,Home,Logout,NextSong,Roll Advert,Save Settings,Settings,Submit Downgrade,Submit Upgrade,Thumbs Down,Thumbs Up,Upgrade,mean_songs,stdev_songs,num_aritst,mean_session_h,stdev_session_h,num_sessions,days_total_subscription
110,0,1,0,0,0,0,0,0,1,0,0,0.0,2.5751987833333336,2.174773319242073,0.425531914893617,2.9787234042553195,1.276595744680851,0.0,0.0,0.0,4.25531914893617,0.851063829787234,75.74468085106383,7.234042553191489,0.0,0.425531914893617,0.0,0.0,0.851063829787234,5.957446808510639,0.0,35.6,29.279685790663805,164,3.218944444444445,2.880232888014011,5,68.3830787037037
111,0,0,0,0,0,0,0,0,0,0,1,86.10315186246417,6.907774675000001,7.32542924398272,0.12048192771084339,2.7710843373493974,2.5301204819277108,0.7228915662650602,0.24096385542168677,0.3614457831325301,2.891566265060241,0.7228915662650602,84.09638554216868,0.3614457831325301,0.0,0.12048192771084339,0.0,0.12048192771084339,0.7228915662650602,4.096385542168675,0.12048192771084339,99.71428571428571,106.42636622835258,562,7.708968253968254,8.235044548257598,7,82.22630787037038
