userId,churn,gender,OS_iPad,OS_iPhone,OS_Windows 8.1,OS_Linux,OS_Windows Vista,OS_Windows 8.0,OS_MacOS,OS_Windows XP,OS_Windows 7,paid_percent,mean_hours,stdev_hours,About,Add Friend,Add to Playlist,Downgrade,Error,Help,Home,Logout,NextSong,Roll Advert,Save Settings,Settings,Submit Downgrade,Submit Upgrade,Thumbs Down,Thumbs Up,Upgrade,mean_songs,stdev_songs,num_aritst,mean_session_h,stdev_session_h,num_sessions,days_total_subscription
138,0,1,1,0,0,0,0,0,0,0,0,90.24154589371982,9.489812643703699,11.718117293713126,0.3240178209801539,1.6605913325232888,2.713649250708789,0.850546780072904,0.04050222762251924,0.5265289590927501,2.8756581611988663,0.7290400972053462,83.83961117861483,0.688537869582827,0.16200891049007696,0.688537869582827,0.0,0.04050222762251924,0.9720534629404617,3.847711624139328,0.04050222762251924,138.0,170.34838252408335,1333,9.403777777777778,11.696715229237652,15,66.62668981481481
