userId,churn,gender,OS_iPad,OS_iPhone,OS_Windows 8.1,OS_Linux,OS_Windows Vista,OS_Windows 8.0,OS_MacOS,OS_Windows XP,OS_Windows 7,paid_percent,mean_hours,stdev_hours,About,Add Friend,Add to Playlist,Downgrade,Error,Help,Home,Logout,NextSong,Roll Advert,Save Settings,Settings,Submit Downgrade,Submit Upgrade,Thumbs Down,Thumbs Up,Upgrade,mean_songs,stdev_songs,num_aritst,mean_session_h,stdev_session_h,num_sessions,days_total_subscription
100015,1,0,0,0,0,0,0,0,1,0,0,40.75,4.505044364583334,3.3166317434016,0.38167938931297707,1.3358778625954197,2.099236641221374,0.4770992366412214,0.09541984732824427,0.5725190839694656,4.484732824427481,1.717557251908397,76.33587786259542,6.583969465648855,0.09541984732824427,0.6679389312977099,0.09541984732824427,0.19083969465648853,0.7633587786259541,3.3396946564885495,0.7633587786259541,66.66666666666667,49.08496035786658,628,4.6432407407407394,3.442402733375406,12,67.87921296296297
