userId,churn,gender,OS_iPad,OS_iPhone,OS_Windows 8.1,OS_Linux,OS_Windows Vista,OS_Windows 8.0,OS_MacOS,OS_Windows XP,OS_Windows 7,paid_percent,mean_hours,stdev_hours,About,Add Friend,Add to Playlist,Downgrade,Error,Help,Home,Logout,NextSong,Roll Advert,Save Settings,Settings,Submit Downgrade,Submit Upgrade,Thumbs Down,Thumbs Up,Upgrade,mean_songs,stdev_songs,num_aritst,mean_session_h,stdev_session_h,num_sessions,days_total_subscription
11,0,0,0,0,0,0,0,0,0,0,1,29.675425038639876,2.772047969444445,2.754383050218178,0.8254716981132075,0.7075471698113208,2.358490566037736,0.589622641509434,0.1179245283018868,0.3537735849056604,4.363207547169811,1.650943396226415,76.29716981132076,4.599056603773585,0.2358490566037736,0.7075471698113208,0.1179245283018868,0.2358490566037736,1.0613207547169812,4.716981132075472,1.0613207547169812,40.4375,38.78826068112189,535,2.6896180555555556,2.757270987984882,16,124.47825231481481
