userId,churn,gender,OS_iPad,OS_iPhone,OS_Windows 8.1,OS_Linux,OS_Windows Vista,OS_Windows 8.0,OS_MacOS,OS_Windows XP,OS_Windows 7,paid_percent,mean_hours,stdev_hours,About,Add Friend,Add to Playlist,Downgrade,Error,Help,Home,Logout,NextSong,Roll Advert,Save Settings,Settings,Submit Downgrade,Submit Upgrade,Thumbs Down,Thumbs Up,Upgrade,mean_songs,stdev_songs,num_aritst,mean_session_h,stdev_session_h,num_sessions,days_total_subscription
62,0,1,0,0,0,0,0,0,0,0,1,100.0,13.720072393750003,12.034352558219824,0.15932023366967604,1.8056293149229952,2.0711630377057886,0.4779607010090282,0.21242697822623471,0.5310674455655868,3.2395114179500797,1.0621348911311737,84.49283058948487,0.05310674455655868,0.10621348911311736,0.5841741901221456,0.0,0.0,1.1152416356877324,4.089219330855019,0.0,198.875,175.0252532799604,1102,13.614965277777777,11.991568545911868,8,134.06662037037037
