userId,churn,gender,OS_iPad,OS_iPhone,OS_Windows 8.1,OS_Linux,OS_Windows Vista,OS_Windows 8.0,OS_MacOS,OS_Windows XP,OS_Windows 7,paid_percent,mean_hours,stdev_hours,About,Add Friend,Add to Playlist,Downgrade,Error,Help,Home,Logout,NextSong,Roll Advert,Save Settings,Settings,Submit Downgrade,Submit Upgrade,Thumbs Down,Thumbs Up,Upgrade,mean_songs,stdev_songs,num_aritst,mean_session_h,stdev_session_h,num_sessions,days_total_subscription
70,1,1,0,0,0,0,0,0,0,0,1,94.49664429530202,5.727483657407408,4.1371315505627395,0.1128031584884377,1.4664410603496898,2.3124647490129724,0.7332205301748449,0.1128031584884377,0.5076142131979695,2.9892836999435985,0.9588268471517203,84.03835307388607,0.2256063169768754,0.2256063169768754,0.39481105470953193,0.0,0.05640157924421885,0.676818950930626,5.0761421319796955,0.1128031584884377,82.77777777777777,58.577807035806515,1063,5.661882716049382,4.117727461117478,18,145.73800925925926
