userId,churn,gender,OS_iPad,OS_iPhone,OS_Windows 8.1,OS_Linux,OS_Windows Vista,OS_Windows 8.0,OS_MacOS,OS_Windows XP,OS_Windows 7,paid_percent,mean_hours,stdev_hours,About,Add Friend,Add to Playlist,Downgrade,Error,Help,Home,Logout,NextSong,Roll Advert,Save Settings,Settings,Submit Downgrade,Submit Upgrade,Thumbs Down,Thumbs Up,Upgrade,mean_songs,stdev_songs,num_aritst,mean_session_h,stdev_session_h,num_sessions,days_total_subscription
65,0,1,0,0,0,1,0,0,0,0,0,94.7468054898249,6.683811937121212,6.039253835365835,0.2358490566037736,2.083333333333333,2.6729559748427674,0.7861635220125787,0.0,0.511006289308176,3.1446540880503147,0.8254716981132075,83.05817610062893,0.3144654088050315,0.2751572327044025,0.9040880503144654,0.0,0.039308176100628936,0.6682389937106918,4.363207547169811,0.1179245283018868,96.04545454545455,87.51678874186547,1378,6.402910628019324,6.088395302326412,23,71.10780092592593
