userId,churn,gender,OS_iPad,OS_iPhone,OS_Windows 8.1,OS_Linux,OS_Windows Vista,OS_Windows 8.0,OS_MacOS,OS_Windows XP,OS_Windows 7,paid_percent,mean_hours,stdev_hours,About,Add Friend,Add to Playlist,Downgrade,Error,Help,Home,Logout,NextSong,Roll Advert,Save Settings,Settings,Submit Downgrade,Submit Upgrade,Thumbs Down,Thumbs Up,Upgrade,mean_songs,stdev_songs,num_aritst,mean_session_h,stdev_session_h,num_sessions,days_total_subscription
69,0,0,0,0,0,0,0,0,0,0,1,97.33333333333334,8.82913659382716,8.270113865858235,0.22354694485842028,0.8941877794336811,2.459016393442623,0.6706408345752608,0.29806259314456035,0.5216095380029807,3.651266766020864,0.7451564828614009,83.83010432190761,0.22354694485842028,0.07451564828614009,0.22354694485842028,0.0,0.07451564828614009,0.6706408345752608,5.365126676602086,0.07451564828614009,125.0,116.83535423834688,866,8.778086419753087,8.27700901823203,9,71.42444444444445
