userId,churn,gender,OS_iPad,OS_iPhone,OS_Windows 8.1,OS_Linux,OS_Windows Vista,OS_Windows 8.0,OS_MacOS,OS_Windows XP,OS_Windows 7,paid_percent,mean_hours,stdev_hours,About,Add Friend,Add to Playlist,Downgrade,Error,Help,Home,Logout,NextSong,Roll Advert,Save Settings,Settings,Submit Downgrade,Submit Upgrade,Thumbs Down,Thumbs Up,Upgrade,mean_songs,stdev_songs,num_aritst,mean_session_h,stdev_session_h,num_sessions,days_total_subscription
300004,0,0,0,0,0,0,0,0,0,0,1,60.29411764705882,4.713661576851854,4.45841872338062,0.7633587786259541,0.7633587786259541,1.1450381679389312,0.38167938931297707,0.0,1.1450381679389312,3.435114503816794,1.1450381679389312,77.86259541984732,3.816793893129771,0.38167938931297707,0.7633587786259541,0.38167938931297707,0.38167938931297707,0.7633587786259541,6.488549618320611,0.38167938931297707,68.0,64.96922348312314,188,4.63537037037037,4.465598894046608,3,89.37314814814815
