userId,churn,gender,OS_iPad,OS_iPhone,OS_Windows 8.1,OS_Linux,OS_Windows Vista,OS_Windows 8.0,OS_MacOS,OS_Windows XP,OS_Windows 7,paid_percent,mean_hours,stdev_hours,About,Add Friend,Add to Playlist,Downgrade,Error,Help,Home,Logout,NextSong,Roll Advert,Save Settings,Settings,Submit Downgrade,Submit Upgrade,Thumbs Down,Thumbs Up,Upgrade,mean_songs,stdev_songs,num_aritst,mean_session_h,stdev_session_h,num_sessions,days_total_subscription
108,0,0,0,0,0,0,0,0,1,0,0,77.40916271721959,7.247351789351853,7.589135195750684,0.13089005235602094,1.963350785340314,1.963350785340314,0.2617801047120419,0.0,0.6544502617801047,3.7958115183246073,1.1780104712041886,82.85340314136126,2.486910994764398,0.2617801047120419,0.7853403141361256,0.0,0.13089005235602094,0.7853403141361256,2.6178010471204187,0.13089005235602094,105.5,112.42553090824167,510,7.213796296296297,7.593102697182414,6,62.23815972222222
