userId,churn,gender,OS_iPad,OS_iPhone,OS_Windows 8.1,OS_Linux,OS_Windows Vista,OS_Windows 8.0,OS_MacOS,OS_Windows XP,OS_Windows 7,paid_percent,mean_hours,stdev_hours,About,Add Friend,Add to Playlist,Downgrade,Error,Help,Home,Logout,NextSong,Roll Advert,Save Settings,Settings,Submit Downgrade,Submit Upgrade,Thumbs Down,Thumbs Up,Upgrade,mean_songs,stdev_songs,num_aritst,mean_session_h,stdev_session_h,num_sessions,days_total_subscription
29,1,1,0,0,0,0,0,0,1,0,0,89.66314398943197,6.164359171323531,8.7578661203911,0.05554012774229381,1.3051930019439044,2.4715356845320744,0.4998611496806442,0.0,0.7775617883921133,3.3601777284087753,1.138572618717023,84.08775340183283,0.6109414051652319,0.11108025548458762,0.5276312135517912,0.0,0.027770063871146906,0.6109414051652319,4.2765898361566235,0.13885031935573452,89.05882352941177,125.9364777772414,1805,6.095947712418298,8.745464983754097,34,60.104050925925925
