userId,churn,gender,OS_iPad,OS_iPhone,OS_Windows 8.1,OS_Linux,OS_Windows Vista,OS_Windows 8.0,OS_MacOS,OS_Windows XP,OS_Windows 7,paid_percent,mean_hours,stdev_hours,About,Add Friend,Add to Playlist,Downgrade,Error,Help,Home,Logout,NextSong,Roll Advert,Save Settings,Settings,Submit Downgrade,Submit Upgrade,Thumbs Down,Thumbs Up,Upgrade,mean_songs,stdev_songs,num_aritst,mean_session_h,stdev_session_h,num_sessions,days_total_subscription
100010,0,0,0,1,0,0,0,0,0,0,0,0.0,2.6563848154761907,1.5940891633984364,0.26246719160104987,1.0498687664041995,1.837270341207349,0.0,0.0,0.5249343832020997,2.8871391076115485,1.3123359580052494,72.17847769028872,13.648293963254593,0.0,0.0,0.0,0.0,1.3123359580052494,4.4619422572178475,0.5249343832020997,39.285714285714285,22.96166577663945,253,2.574722222222223,1.5888758093219746,7,55.64365740740741
