userId,churn,gender,OS_iPad,OS_iPhone,OS_Windows 8.1,OS_Linux,OS_Windows Vista,OS_Windows 8.0,OS_MacOS,OS_Windows XP,OS_Windows 7,paid_percent,mean_hours,stdev_hours,About,Add Friend,Add to Playlist,Downgrade,Error,Help,Home,Logout,NextSong,Roll Advert,Save Settings,Settings,Submit Downgrade,Submit Upgrade,Thumbs Down,Thumbs Up,Upgrade,mean_songs,stdev_songs,num_aritst,mean_session_h,stdev_session_h,num_sessions,days_total_subscription
300009,0,0,0,0,0,0,0,0,0,0,1,99.71969166082691,5.517526120833334,7.920505129649721,0.058105752469494475,1.220220801859384,2.5566531086577573,0.4648460197559558,0.11621150493898895,0.40674026728646134,2.3823358512492736,0.8715862870424171,82.91690877396863,0.0,0.0,0.3486345148169669,0.0,0.058105752469494475,0.8715862870424171,7.669959325973272,0.058105752469494475,79.27777777777777,114.56557616417798,1026,5.4440740740740745,7.899937435978511,18,101.22410879629629
300010,0,1,0,0,0,0,0,0,1,0,0,0.0,2.6129543880952375,1.8718779035503241,0.2849002849002849,2.2792022792022792,1.9943019943019942,0.0,0.0,0.2849002849002849,4.273504273504273,1.7094017094017095,74.92877492877493,7.122507122507122,0.0,0.2849002849002849,0.0,0.0,0.2849002849002849,5.982905982905983,0.5698005698005698,37.57142857142857,25.46145546283076,245,2.5904761904761906,1.8851216225342151,7,74.17873842592593
