userId,churn,gender,OS_iPad,OS_iPhone,OS_Windows 8.1,OS_Linux,OS_Windows Vista,OS_Windows 8.0,OS_MacOS,OS_Windows XP,OS_Windows 7,paid_percent,mean_hours,stdev_hours,About,Add Friend,Add to Playlist,Downgrade,Error,Help,Home,Logout,NextSong,Roll Advert,Save Settings,Settings,Submit Downgrade,Submit Upgrade,Thumbs Down,Thumbs Up,Upgrade,mean_songs,stdev_songs,num_aritst,mean_session_h,stdev_session_h,num_sessions,days_total_subscription
27,0,1,0,0,1,0,0,0,0,0,0,0.0,1.8455412069444443,1.3288598534991634,0.0,2.405498281786942,1.3745704467353952,0.0,0.0,0.3436426116838488,6.185567010309279,2.405498281786942,75.60137457044674,7.216494845360824,0.3436426116838488,0.3436426116838488,0.0,0.0,0.6872852233676976,2.7491408934707904,0.3436426116838488,27.5,21.26700999872136,202,1.5716049382716046,1.369092886316138,9,102.59481481481481
