userId,churn,gender,OS_iPad,OS_iPhone,OS_Windows 8.1,OS_Linux,OS_Windows Vista,OS_Windows 8.0,OS_MacOS,OS_Windows XP,OS_Windows 7,paid_percent,mean_hours,stdev_hours,About,Add Friend,Add to Playlist,Downgrade,Error,Help,Home,Logout,NextSong,Roll Advert,Save Settings,Settings,Submit Downgrade,Submit Upgrade,Thumbs Down,Thumbs Up,Upgrade,mean_songs,stdev_songs,num_aritst,mean_session_h,stdev_session_h,num_sessions,days_total_subscription
99,0,0,0,0,0,0,0,0,0,0,1,79.00990099009901,3.2292394845959596,2.669945319818671,0.32573289902280134,1.9543973941368076,1.7915309446254073,0.32573289902280134,0.0,0.16286644951140067,3.908794788273615,1.4657980456026058,82.24755700325733,1.6286644951140066,0.0,0.4885993485342019,0.0,0.16286644951140067,0.8143322475570033,4.397394136807818,0.32573289902280134,45.90909090909091,39.8659116174572,425,3.1749494949494945,2.6618696576569367,11,133.00108796296297
