userId,churn,gender,OS_iPad,OS_iPhone,OS_Windows 8.1,OS_Linux,OS_Windows Vista,OS_Windows 8.0,OS_MacOS,OS_Windows XP,OS_Windows 7,paid_percent,mean_hours,stdev_hours,About,Add Friend,Add to Playlist,Downgrade,Error,Help,Home,Logout,NextSong,Roll Advert,Save Settings,Settings,Submit Downgrade,Submit Upgrade,Thumbs Down,Thumbs Up,Upgrade,mean_songs,stdev_songs,num_aritst,mean_session_h,stdev_session_h,num_sessions,days_total_subscription
113,0,0,0,0,0,0,0,0,1,0,0,95.26813880126183,4.832054734541063,3.152661604695791,0.05277044854881266,1.688654353562005,2.638522427440633,0.8443271767810026,0.15831134564643798,0.36939313984168864,3.7994722955145117,0.9498680738786279,83.64116094986808,0.05277044854881266,0.15831134564643798,0.4221635883905013,0.0,0.05277044854881266,0.6332453825857519,4.327176781002638,0.21108179419525064,68.91304347826087,44.578748548320505,1112,4.558506944444443,3.217753381020914,24,123.53140046296296
