userId,churn,gender,OS_iPad,OS_iPhone,OS_Windows 8.1,OS_Linux,OS_Windows Vista,OS_Windows 8.0,OS_MacOS,OS_Windows XP,OS_Windows 7,paid_percent,mean_hours,stdev_hours,About,Add Friend,Add to Playlist,Downgrade,Error,Help,Home,Logout,NextSong,Roll Advert,Save Settings,Settings,Submit Downgrade,Submit Upgrade,Thumbs Down,Thumbs Up,Upgrade,mean_songs,stdev_songs,num_aritst,mean_session_h,stdev_session_h,num_sessions,days_total_subscription
17,1,0,0,0,0,0,0,0,0,0,1,94.92988133764833,8.947731685317455,9.290052058362267,0.18181818181818182,1.090909090909091,2.727272727272727,1.090909090909091,0.0,0.45454545454545453,2.727272727272727,1.3636363636363635,84.27272727272728,0.36363636363636365,0.0,0.45454545454545453,0.0,0.09090909090909091,1.1818181818181819,3.6363636363636362,0.36363636363636365,132.42857142857142,135.74959440437522,742,10.020833333333334,10.352464883623933,7,13.099016203703703
