userId,churn,gender,OS_iPad,OS_iPhone,OS_Windows 8.1,OS_Linux,OS_Windows Vista,OS_Windows 8.0,OS_MacOS,OS_Windows XP,OS_Windows 7,paid_percent,mean_hours,stdev_hours,About,Add Friend,Add to Playlist,Downgrade,Error,Help,Home,Logout,NextSong,Roll Advert,Save Settings,Settings,Submit Downgrade,Submit Upgrade,Thumbs Down,Thumbs Up,Upgrade,mean_songs,stdev_songs,num_aritst,mean_session_h,stdev_session_h,num_sessions,days_total_subscription
38,0,1,0,0,0,0,0,0,1,0,0,94.55370650529501,5.6869177680555545,6.7851931934672045,0.06369426751592357,1.337579617834395,1.910828025477707,0.5732484076433121,0.1910828025477707,0.7643312101910829,3.694267515923567,0.89171974522293,84.20382165605096,0.12738853503184713,0.06369426751592357,0.445859872611465,0.06369426751592357,0.06369426751592357,1.337579617834395,4.140127388535031,0.12738853503184713,82.625,96.10887922906326,940,5.704791666666668,6.8328410952639285,16,75.06532407407407
