userId,churn,gender,OS_iPad,OS_iPhone,OS_Windows 8.1,OS_Linux,OS_Windows Vista,OS_Windows 8.0,OS_MacOS,OS_Windows XP,OS_Windows 7,paid_percent,mean_hours,stdev_hours,About,Add Friend,Add to Playlist,Downgrade,Error,Help,Home,Logout,NextSong,Roll Advert,Save Settings,Settings,Submit Downgrade,Submit Upgrade,Thumbs Down,Thumbs Up,Upgrade,mean_songs,stdev_songs,num_aritst,mean_session_h,stdev_session_h,num_sessions,days_total_subscription
40,0,0,0,0,1,0,0,0,0,0,0,72.63450834879406,4.24485838496732,3.8837390363091804,0.15128593040847202,1.739788199697428,2.950075642965204,0.15128593040847202,0.0,0.680786686838124,3.40393343419062,0.9833585476550681,81.54311649016641,1.739788199697428,0.15128593040847202,0.529500756429652,0.0,0.07564296520423601,0.8320726172465961,4.992435703479576,0.07564296520423601,63.411764705882355,57.55438604434224,826,4.1911764705882355,3.893314979426396,17,78.96927083333334
