userId,churn,gender,OS_iPad,OS_iPhone,OS_Windows 8.1,OS_Linux,OS_Windows Vista,OS_Windows 8.0,OS_MacOS,OS_Windows XP,OS_Windows 7,paid_percent,mean_hours,stdev_hours,About,Add Friend,Add to Playlist,Downgrade,Error,Help,Home,Logout,NextSong,Roll Advert,Save Settings,Settings,Submit Downgrade,Submit Upgrade,Thumbs Down,Thumbs Up,Upgrade,mean_songs,stdev_songs,num_aritst,mean_session_h,stdev_session_h,num_sessions,days_total_subscription
14,0,1,0,0,0,0,0,0,1,0,0,100.0,7.696430524747473,6.356617354069564,0.13966480446927373,1.3268156424581006,2.3743016759776534,0.8379888268156425,0.13966480446927373,0.6983240223463687,2.9329608938547485,0.5586592178770949,85.89385474860335,0.06983240223463687,0.0,0.41899441340782123,0.0,0.0,0.8379888268156425,3.7709497206703912,0.0,111.81818181818181,91.37813543930318,905,7.621060606060607,6.3419457010425395,11,132.54185185185185
