userId,churn,gender,OS_iPad,OS_iPhone,OS_Windows 8.1,OS_Linux,OS_Windows Vista,OS_Windows 8.0,OS_MacOS,OS_Windows XP,OS_Windows 7,paid_percent,mean_hours,stdev_hours,About,Add Friend,Add to Playlist,Downgrade,Error,Help,Home,Logout,NextSong,Roll Advert,Save Settings,Settings,Submit Downgrade,Submit Upgrade,Thumbs Down,Thumbs Up,Upgrade,mean_songs,stdev_songs,num_aritst,mean_session_h,stdev_session_h,num_sessions,days_total_subscription
300016,0,1,0,0,0,0,0,0,0,0,1,97.25557461406518,3.3526989442129635,2.492771214711794,0.6802721088435374,1.4965986394557822,3.537414965986395,0.6802721088435374,0.13605442176870747,0.0,3.4013605442176873,1.2244897959183674,79.31972789115646,0.27210884353741494,0.27210884353741494,0.5442176870748299,0.0,0.13605442176870747,0.5442176870748299,7.6190476190476195,0.13605442176870747,48.583333333333336,36.70139539911833,462,3.0301709401709402,2.5516503286948966,13,100.83010416666667
