userId,churn,gender,OS_iPad,OS_iPhone,OS_Windows 8.1,OS_Linux,OS_Windows Vista,OS_Windows 8.0,OS_MacOS,OS_Windows XP,OS_Windows 7,paid_percent,mean_hours,stdev_hours,About,Add Friend,Add to Playlist,Downgrade,Error,Help,Home,Logout,NextSong,Roll Advert,Save Settings,Settings,Submit Downgrade,Submit Upgrade,Thumbs Down,Thumbs Up,Upgrade,mean_songs,stdev_songs,num_aritst,mean_session_h,stdev_session_h,num_sessions,days_total_subscription
21,0,1,0,0,1,0,0,0,0,0,0,100.0,8.392718983333332,7.8053093144820185,0.3395585738539898,1.3582342954159592,1.5280135823429541,1.0186757215619695,0.1697792869269949,0.6791171477079796,3.7351443123938877,1.0186757215619695,84.71986417657045,0.0,0.1697792869269949,0.3395585738539898,0.0,0.0,0.3395585738539898,4.584040747028863,0.0,124.75,117.61342043604832,414,8.329374999999999,7.788871216941832,4,68.76866898148148
