userId,churn,gender,OS_iPad,OS_iPhone,OS_Windows 8.1,OS_Linux,OS_Windows Vista,OS_Windows 8.0,OS_MacOS,OS_Windows XP,OS_Windows 7,paid_percent,mean_hours,stdev_hours,About,Add Friend,Add to Playlist,Downgrade,Error,Help,Home,Logout,NextSong,Roll Advert,Save Settings,Settings,Submit Downgrade,Submit Upgrade,Thumbs Down,Thumbs Up,Upgrade,mean_songs,stdev_songs,num_aritst,mean_session_h,stdev_session_h,num_sessions,days_total_subscription
85,0,1,0,0,0,0,0,0,1,0,0,86.83628318584071,6.313117865902779,8.450705893938764,0.13729977116704806,1.3272311212814645,2.471395881006865,0.9610983981693364,0.045766590389016024,0.5491990846681922,3.592677345537757,1.2356979405034325,82.74599542334096,0.7551487414187643,0.06864988558352403,0.5720823798627002,0.045766590389016024,0.06864988558352403,0.8695652173913043,4.393592677345538,0.16018306636155605,90.4,119.84579836029039,2125,6.180772357723577,8.493954032949484,41,109.60453703703703
