userId,churn,gender,OS_iPad,OS_iPhone,OS_Windows 8.1,OS_Linux,OS_Windows Vista,OS_Windows 8.0,OS_MacOS,OS_Windows XP,OS_Windows 7,paid_percent,mean_hours,stdev_hours,About,Add Friend,Add to Playlist,Downgrade,Error,Help,Home,Logout,NextSong,Roll Advert,Save Settings,Settings,Submit Downgrade,Submit Upgrade,Thumbs Down,Thumbs Up,Upgrade,mean_songs,stdev_songs,num_aritst,mean_session_h,stdev_session_h,num_sessions,days_total_subscription
300013,0,1,0,0,0,1,0,0,0,0,0,100.0,3.9310490550925916,4.021123817573055,0.0,1.9464720194647203,1.70316301703163,0.7299270072992701,0.0,0.48661800486618007,2.9197080291970803,0.48661800486618007,81.50851581508516,0.0,0.0,0.48661800486618007,0.0,0.0,0.48661800486618007,9.245742092457421,0.0,55.833333333333336,58.24574376438734,293,3.8752777777777774,4.083265804430276,6,89.70524305555556
