userId,churn,gender,OS_iPad,OS_iPhone,OS_Windows 8.1,OS_Linux,OS_Windows Vista,OS_Windows 8.0,OS_MacOS,OS_Windows XP,OS_Windows 7,paid_percent,mean_hours,stdev_hours,About,Add Friend,Add to Playlist,Downgrade,Error,Help,Home,Logout,NextSong,Roll Advert,Save Settings,Settings,Submit Downgrade,Submit Upgrade,Thumbs Down,Thumbs Up,Upgrade,mean_songs,stdev_songs,num_aritst,mean_session_h,stdev_session_h,num_sessions,days_total_subscription
71,0,1,0,0,0,0,0,0,1,0,0,72.34848484848484,4.547882848611111,4.236715992783368,0.303951367781155,2.735562310030395,1.5197568389057752,0.911854103343465,0.303951367781155,0.303951367781155,3.64741641337386,1.5197568389057752,80.24316109422493,1.82370820668693,0.0,0.0,0.0,0.303951367781155,1.21580547112462,4.25531914893617,0.911854103343465,66.0,58.35523398405094,249,4.458194444444445,4.2094735070778295,4,52.761180555555555
