userId,churn,gender,OS_iPad,OS_iPhone,OS_Windows 8.1,OS_Linux,OS_Windows Vista,OS_Windows 8.0,OS_MacOS,OS_Windows XP,OS_Windows 7,paid_percent,mean_hours,stdev_hours,About,Add Friend,Add to Playlist,Downgrade,Error,Help,Home,Logout,NextSong,Roll Advert,Save Settings,Settings,Submit Downgrade,Submit Upgrade,Thumbs Down,Thumbs Up,Upgrade,mean_songs,stdev_songs,num_aritst,mean_session_h,stdev_session_h,num_sessions,days_total_subscription
100021,1,1,0,0,0,0,0,0,1,0,0,0.0,3.201843091111111,3.5951139397524394,0.31545741324921134,2.2082018927444795,2.2082018927444795,0.0,0.6309148264984227,0.0,4.73186119873817,2.2082018927444795,72.55520504731862,9.46372239747634,0.0,0.0,0.0,0.0,1.5772870662460567,3.4700315457413247,0.6309148264984227,46.0,52.53094326204318,208,3.587111111111111,3.9257923071906813,5,64.73886574074074
