userId,churn,gender,OS_iPad,OS_iPhone,OS_Windows 8.1,OS_Linux,OS_Windows Vista,OS_Windows 8.0,OS_MacOS,OS_Windows XP,OS_Windows 7,paid_percent,mean_hours,stdev_hours,About,Add Friend,Add to Playlist,Downgrade,Error,Help,Home,Logout,NextSong,Roll Advert,Save Settings,Settings,Submit Downgrade,Submit Upgrade,Thumbs Down,Thumbs Up,Upgrade,mean_songs,stdev_songs,num_aritst,mean_session_h,stdev_session_h,num_sessions,days_total_subscription
200010,0,0,0,0,0,1,0,0,0,0,0,0.0,2.813732288425926,1.6009438026905731,0.0,2.5236593059936907,1.5772870662460567,0.0,0.31545741324921134,0.31545741324921134,4.416403785488959,2.8391167192429023,74.76340694006309,5.3627760252365935,0.0,0.31545741324921134,0.0,0.0,2.2082018927444795,4.416403785488959,0.9463722397476341,39.5,22.941229260874405,215,2.719398148148148,1.6162623149986433,6,38.142488425925926
