userId,churn,gender,OS_iPad,OS_iPhone,OS_Windows 8.1,OS_Linux,OS_Windows Vista,OS_Windows 8.0,OS_MacOS,OS_Windows XP,OS_Windows 7,paid_percent,mean_hours,stdev_hours,About,Add Friend,Add to Playlist,Downgrade,Error,Help,Home,Logout,NextSong,Roll Advert,Save Settings,Settings,Submit Downgrade,Submit Upgrade,Thumbs Down,Thumbs Up,Upgrade,mean_songs,stdev_songs,num_aritst,mean_session_h,stdev_session_h,num_sessions,days_total_subscription
101,1,1,0,0,0,0,0,1,0,0,0,96.99499165275459,12.429555963055552,14.92789006740804,0.09315323707498836,1.3507219375873312,2.841173730787145,1.0246856078248718,0.13972985561248255,0.5589194224499302,3.4466697717745696,1.1178388448998604,83.69818351187703,0.37261294829995345,0.09315323707498836,0.41918956683744757,0.0,0.04657661853749418,0.7452258965999069,4.005589194224499,0.04657661853749418,179.7,216.24320156301383,1242,13.626333333333331,16.632464583892272,10,53.9659375
