userId,churn,gender,OS_iPad,OS_iPhone,OS_Windows 8.1,OS_Linux,OS_Windows Vista,OS_Windows 8.0,OS_MacOS,OS_Windows XP,OS_Windows 7,paid_percent,mean_hours,stdev_hours,About,Add Friend,Add to Playlist,Downgrade,Error,Help,Home,Logout,NextSong,Roll Advert,Save Settings,Settings,Submit Downgrade,Submit Upgrade,Thumbs Down,Thumbs Up,Upgrade,mean_songs,stdev_songs,num_aritst,mean_session_h,stdev_session_h,num_sessions,days_total_subscription
200024,1,1,0,0,0,1,0,0,0,0,0,39.568345323741006,3.5927689437499994,3.0300460054700284,0.0,1.6363636363636365,2.727272727272727,0.7272727272727273,0.18181818181818182,0.7272727272727273,3.8181818181818183,1.2727272727272727,75.81818181818181,4.909090909090909,0.36363636363636365,0.9090909090909091,0.0,0.18181818181818182,2.3636363636363638,3.4545454545454546,0.9090909090909091,52.125,44.68760614373008,369,3.5284722222222222,3.013003644405246,8,28.42769675925926
