userId,churn,gender,OS_iPad,OS_iPhone,OS_Windows 8.1,OS_Linux,OS_Windows Vista,OS_Windows 8.0,OS_MacOS,OS_Windows XP,OS_Windows 7,paid_percent,mean_hours,stdev_hours,About,Add Friend,Add to Playlist,Downgrade,Error,Help,Home,Logout,NextSong,Roll Advert,Save Settings,Settings,Submit Downgrade,Submit Upgrade,Thumbs Down,Thumbs Up,Upgrade,mean_songs,stdev_songs,num_aritst,mean_session_h,stdev_session_h,num_sessions,days_total_subscription
33,0,1,0,0,0,0,0,0,1,0,0,100.0,7.192357737268519,7.126238632988376,0.06540222367560497,2.027468933943754,2.158273381294964,1.0464355788096795,0.06540222367560497,0.45781556572923476,3.924133420536298,1.3734466971877044,82.21059516023544,0.06540222367560497,0.13080444735120994,0.7194244604316548,0.0,0.0,0.5886200130804448,5.166775670372792,0.0,104.75,101.86187171405653,922,7.119884259259259,7.117179216770096,12,162.89256944444443
34,0,1,0,0,0,0,0,0,1,0,0,0.0,1.1973226435185187,0.2118833231916703,0.0,0.0,5.47945205479452,0.0,0.0,0.0,10.95890410958904,4.10958904109589,72.6027397260274,4.10958904109589,0.0,0.0,0.0,0.0,0.0,2.73972602739726,0.0,17.666666666666668,3.2145502536643185,54,1.1403703703703705,0.2284072152255226,3,71.14295138888889
