userId,churn,gender,OS_iPad,OS_iPhone,OS_Windows 8.1,OS_Linux,OS_Windows Vista,OS_Windows 8.0,OS_MacOS,OS_Windows XP,OS_Windows 7,paid_percent,mean_hours,stdev_hours,About,Add Friend,Add to Playlist,Downgrade,Error,Help,Home,Logout,NextSong,Roll Advert,Save Settings,Settings,Submit Downgrade,Submit Upgrade,Thumbs Down,Thumbs Up,Upgrade,mean_songs,stdev_songs,num_aritst,mean_session_h,stdev_session_h,num_sessions,days_total_subscription
146,0,1,0,0,0,0,0,0,0,0,1,0.0,2.673636374673203,3.309125223159774,0.11947431302270012,1.0752688172043012,1.5531660692951015,0.0,0.11947431302270012,0.7168458781362007,3.584229390681003,1.0752688172043012,77.65830346475508,6.690561529271206,0.0,0.4778972520908005,0.0,0.0,1.0752688172043012,4.540023894862605,1.3142174432497014,38.23529411764706,48.0475407952435,542,2.647075163398693,3.333699580744077,17,86.40864583333334
