userId,churn,gender,OS_iPad,OS_iPhone,OS_Windows 8.1,OS_Linux,OS_Windows Vista,OS_Windows 8.0,OS_MacOS,OS_Windows XP,OS_Windows 7,paid_percent,mean_hours,stdev_hours,About,Add Friend,Add to Playlist,Downgrade,Error,Help,Home,Logout,NextSong,Roll Advert,Save Settings,Settings,Submit Downgrade,Submit Upgrade,Thumbs Down,Thumbs Up,Upgrade,mean_songs,stdev_songs,num_aritst,mean_session_h,stdev_session_h,num_sessions,days_total_subscription
200020,1,1,0,0,0,0,0,0,1,0,0,24.03763900769889,2.3012647538095234,2.53979579966083,0.1336898395721925,0.6684491978609626,2.13903743315508,0.4010695187165776,0.0,0.4679144385026738,4.478609625668449,1.7379679144385027,78.14171122994652,4.612299465240642,0.06684491978609625,0.4679144385026738,0.06684491978609625,0.06684491978609625,2.406417112299465,3.7433155080213902,0.4010695187165776,33.4,36.88072986390207,862,2.168626543209877,2.5312782111951058,36,75.99219907407408
