userId,churn,gender,OS_iPad,OS_iPhone,OS_Windows 8.1,OS_Linux,OS_Windows Vista,OS_Windows 8.0,OS_MacOS,OS_Windows XP,OS_Windows 7,paid_percent,mean_hours,stdev_hours,About,Add Friend,Add to Playlist,Downgrade,Error,Help,Home,Logout,NextSong,Roll Advert,Save Settings,Settings,Submit Downgrade,Submit Upgrade,Thumbs Down,Thumbs Up,Upgrade,mean_songs,stdev_songs,num_aritst,mean_session_h,stdev_session_h,num_sessions,days_total_subscription
100007,1,0,0,0,1,0,0,0,0,0,0,100.0,3.2251643493827173,3.782690518788719,0.0,3.2818532818532815,1.7374517374517375,1.3513513513513513,0.0,0.5791505791505791,3.861003861003861,0.9652509652509652,81.66023166023166,0.9652509652509652,0.19305019305019305,0.5791505791505791,0.0,0.0,1.1583011583011582,3.667953667953668,0.0,47.0,55.366957655265836,358,3.156851851851852,3.7899019041264426,9,115.38761574074074
