userId,churn,gender,OS_iPad,OS_iPhone,OS_Windows 8.1,OS_Linux,OS_Windows Vista,OS_Windows 8.0,OS_MacOS,OS_Windows XP,OS_Windows 7,paid_percent,mean_hours,stdev_hours,About,Add Friend,Add to Playlist,Downgrade,Error,Help,Home,Logout,NextSong,Roll Advert,Save Settings,Settings,Submit Downgrade,Submit Upgrade,Thumbs Down,Thumbs Up,Upgrade,mean_songs,stdev_songs,num_aritst,mean_session_h,stdev_session_h,num_sessions,days_total_subscription
60,0,1,0,0,0,0,0,0,1,0,0,98.47931873479318,6.36298612777778,5.633077341571305,0.15384615384615385,1.3846153846153846,2.9743589743589745,1.0769230769230769,0.10256410256410256,0.358974358974359,3.3846153846153846,0.9230769230769231,84.3076923076923,0.15384615384615385,0.0,0.3076923076923077,0.0,0.05128205128205128,0.46153846153846156,4.3076923076923075,0.05128205128205128,91.33333333333333,81.50712707920628,1138,6.345246913580247,5.653579816468902,18,71.48456018518519
