userId,churn,gender,OS_iPad,OS_iPhone,OS_Windows 8.1,OS_Linux,OS_Windows Vista,OS_Windows 8.0,OS_MacOS,OS_Windows XP,OS_Windows 7,paid_percent,mean_hours,stdev_hours,About,Add Friend,Add to Playlist,Downgrade,Error,Help,Home,Logout,NextSong,Roll Advert,Save Settings,Settings,Submit Downgrade,Submit Upgrade,Thumbs Down,Thumbs Up,Upgrade,mean_songs,stdev_songs,num_aritst,mean_session_h,stdev_session_h,num_sessions,days_total_subscription
56,0,1,0,0,0,0,0,0,1,0,0,56.403269754768395,2.5210301173611107,2.7078996620842157,0.5235602094240838,2.1989528795811517,2.094240837696335,1.0471204188481675,0.10471204188481677,0.9424083769633508,5.130890052356021,1.256544502617801,76.8586387434555,1.9895287958115182,0.41884816753926707,0.9424083769633508,0.0,0.10471204188481677,0.7329842931937173,5.130890052356021,0.5235602094240838,36.7,39.78640339031467,572,2.341190476190476,2.6956023502036204,21,67.95305555555555
