userId,churn,gender,OS_iPad,OS_iPhone,OS_Windows 8.1,OS_Linux,OS_Windows Vista,OS_Windows 8.0,OS_MacOS,OS_Windows XP,OS_Windows 7,paid_percent,mean_hours,stdev_hours,About,Add Friend,Add to Playlist,Downgrade,Error,Help,Home,Logout,NextSong,Roll Advert,Save Settings,Settings,Submit Downgrade,Submit Upgrade,Thumbs Down,Thumbs Up,Upgrade,mean_songs,stdev_songs,num_aritst,mean_session_h,stdev_session_h,num_sessions,days_total_subscription
200015,1,1,0,1,0,0,0,0,0,0,0,0.0,1.6951376097222224,2.0709815486986205,0.0,0.5763688760806917,3.7463976945244957,0.0,0.2881844380403458,0.2881844380403458,5.187319884726225,2.0172910662824206,74.35158501440922,6.340057636887608,0.2881844380403458,1.1527377521613833,0.0,0.0,2.881844380403458,2.881844380403458,0.0,25.8,31.52706068690127,234,1.5022222222222223,2.0396535161760645,11,87.6291550925926
