userId,churn,gender,OS_iPad,OS_iPhone,OS_Windows 8.1,OS_Linux,OS_Windows Vista,OS_Windows 8.0,OS_MacOS,OS_Windows XP,OS_Windows 7,paid_percent,mean_hours,stdev_hours,About,Add Friend,Add to Playlist,Downgrade,Error,Help,Home,Logout,NextSong,Roll Advert,Save Settings,Settings,Submit Downgrade,Submit Upgrade,Thumbs Down,Thumbs Up,Upgrade,mean_songs,stdev_songs,num_aritst,mean_session_h,stdev_session_h,num_sessions,days_total_subscription
18,1,1,0,0,0,0,0,0,1,0,0,100.0,5.031244815740742,3.5168964384961874,0.19569471624266144,1.9569471624266144,2.73972602739726,0.5870841487279843,0.0,0.19569471624266144,3.7181996086105675,1.36986301369863,83.95303326810176,0.0,0.19569471624266144,0.9784735812133072,0.0,0.0,0.19569471624266144,3.9138943248532287,0.0,71.5,48.75141023601266,375,4.99574074074074,3.496322740503416,6,38.431990740740744
