userId,churn,gender,OS_iPad,OS_iPhone,OS_Windows 8.1,OS_Linux,OS_Windows Vista,OS_Windows 8.0,OS_MacOS,OS_Windows XP,OS_Windows 7,paid_percent,mean_hours,stdev_hours,About,Add Friend,Add to Playlist,Downgrade,Error,Help,Home,Logout,NextSong,Roll Advert,Save Settings,Settings,Submit Downgrade,Submit Upgrade,Thumbs Down,Thumbs Up,Upgrade,mean_songs,stdev_songs,num_aritst,mean_session_h,stdev_session_h,num_sessions,days_total_subscription
105,1,1,0,0,0,0,0,0,0,0,1,96.59685863874346,10.79708116611111,7.492365513723252,0.10917030567685589,1.4192139737991267,1.3100436681222707,1.0917030567685588,0.21834061135371177,0.21834061135371177,3.820960698689956,1.3100436681222707,83.4061135371179,0.21834061135371177,0.32751091703056767,0.7641921397379913,0.0,0.10917030567685589,0.6550218340611353,4.912663755458515,0.10917030567685589,152.8,109.20943182710914,625,10.856722222222222,7.51781481797375,5,29.607175925925926
