userId,churn,gender,OS_iPad,OS_iPhone,OS_Windows 8.1,OS_Linux,OS_Windows Vista,OS_Windows 8.0,OS_MacOS,OS_Windows XP,OS_Windows 7,paid_percent,mean_hours,stdev_hours,About,Add Friend,Add to Playlist,Downgrade,Error,Help,Home,Logout,NextSong,Roll Advert,Save Settings,Settings,Submit Downgrade,Submit Upgrade,Thumbs Down,Thumbs Up,Upgrade,mean_songs,stdev_songs,num_aritst,mean_session_h,stdev_session_h,num_sessions,days_total_subscription
127,0,0,0,0,1,0,0,0,0,0,0,100.0,7.29976347647059,7.248832162935203,0.4235294117647058,1.223529411764706,2.447058823529412,0.8470588235294116,0.09411764705882353,0.5647058823529412,3.5294117647058822,1.1764705882352942,83.71764705882353,0.09411764705882353,0.047058823529411764,0.7529411764705882,0.0,0.0,0.7058823529411765,4.376470588235295,0.0,104.6470588235294,103.39604754079734,1222,7.220212418300654,7.236220391668827,17,75.88082175925926
128,0,1,0,0,0,0,0,0,1,0,0,97.16435185185185,7.45568208923611,7.926222775815229,0.14513788098693758,1.3546202225447508,2.564102564102564,0.6773101112723754,0.09675858732462506,0.29027576197387517,3.7735849056603774,1.209482341557813,83.59941944847606,0.5321722302854378,0.04837929366231253,0.5321722302854378,0.0,0.04837929366231253,0.8708272859216255,4.2089985486211905,0.04837929366231253,108.0,116.93873039616372,1164,6.9437581699346405,7.862097089912582,17,95.33168981481481
