userId,churn,gender,OS_iPad,OS_iPhone,OS_Windows 8.1,OS_Linux,OS_Windows Vista,OS_Windows 8.0,OS_MacOS,OS_Windows XP,OS_Windows 7,paid_percent,mean_hours,stdev_hours,About,Add Friend,Add to Playlist,Downgrade,Error,Help,Home,Logout,NextSong,Roll Advert,Save Settings,Settings,Submit Downgrade,Submit Upgrade,Thumbs Down,Thumbs Up,Upgrade,mean_songs,stdev_songs,num_aritst,mean_session_h,stdev_session_h,num_sessions,days_total_subscription
100004,0,0,0,0,0,0,0,0,0,0,1,48.30148619957537,3.215005406805556,3.8087161352558505,0.0,1.5261044176706828,1.8473895582329318,0.8032128514056224,0.1606425702811245,0.48192771084337355,5.301204819277109,1.5261044176706828,75.66265060240964,6.907630522088354,0.1606425702811245,0.8835341365461846,0.1606425702811245,0.24096385542168677,0.8835341365461846,2.8112449799196786,0.642570281124498,47.1,55.45970561920087,734,3.0997751322751323,3.895201575453904,21,172.44008101851853
