userId,churn,gender,OS_iPad,OS_iPhone,OS_Windows 8.1,OS_Linux,OS_Windows Vista,OS_Windows 8.0,OS_MacOS,OS_Windows XP,OS_Windows 7,paid_percent,mean_hours,stdev_hours,About,Add Friend,Add to Playlist,Downgrade,Error,Help,Home,Logout,NextSong,Roll Advert,Save Settings,Settings,Submit Downgrade,Submit Upgrade,Thumbs Down,Thumbs Up,Upgrade,mean_songs,stdev_songs,num_aritst,mean_session_h,stdev_session_h,num_sessions,days_total_subscription
120,0,0,0,0,0,0,0,0,1,0,0,100.0,7.785743948412695,11.85426836751887,0.2714440825190011,1.1943539630836049,2.3887079261672097,1.0314875135722041,0.05428881650380022,0.2714440825190011,2.768729641693811,1.0314875135722041,85.28773072747015,0.05428881650380022,0.05428881650380022,0.4885993485342019,0.0,0.0,0.7057546145494028,4.397394136807818,0.0,112.21428571428571,169.59960929355785,1118,7.734107142857143,11.843523603367593,14,128.10019675925926
