userId,churn,gender,OS_iPad,OS_iPhone,OS_Windows 8.1,OS_Linux,OS_Windows Vista,OS_Windows 8.0,OS_MacOS,OS_Windows XP,OS_Windows 7,paid_percent,mean_hours,stdev_hours,About,Add Friend,Add to Playlist,Downgrade,Error,Help,Home,Logout,NextSong,Roll Advert,Save Settings,Settings,Submit Downgrade,Submit Upgrade,Thumbs Down,Thumbs Up,Upgrade,mean_songs,stdev_songs,num_aritst,mean_session_h,stdev_session_h,num_sessions,days_total_subscription
87,1,1,0,0,0,0,0,0,0,0,1,17.731421121251632,2.1515551014444445,1.8669846583500587,0.0999000999000999,2.697302697302697,1.898101898101898,0.0999000999000999,0.0,0.7992007992007992,5.594405594405594,1.898101898101898,76.62337662337663,4.9950049950049955,0.0,0.7992007992007992,0.0,0.0999000999000999,0.4995004995004995,3.196803196803197,0.6993006993006993,30.68,26.671957808404944,623,2.0936777777777773,1.8593436540394768,25,59.125856481481485
