userId,churn,gender,OS_iPad,OS_iPhone,OS_Windows 8.1,OS_Linux,OS_Windows Vista,OS_Windows 8.0,OS_MacOS,OS_Windows XP,OS_Windows 7,paid_percent,mean_hours,stdev_hours,About,Add Friend,Add to Playlist,Downgrade,Error,Help,Home,Logout,NextSong,Roll Advert,Save Settings,Settings,Submit Downgrade,Submit Upgrade,Thumbs Down,Thumbs Up,Upgrade,mean_songs,stdev_songs,num_aritst,mean_session_h,stdev_session_h,num_sessions,days_total_subscription
123,0,1,0,1,0,0,0,0,0,0,0,0.0,1.2223767753472223,0.6258756738998829,0.0,2.5510204081632653,4.081632653061225,0.0,0.0,0.5102040816326531,3.061224489795918,2.0408163265306123,76.53061224489795,7.142857142857142,0.0,0.5102040816326531,0.0,0.0,0.5102040816326531,2.5510204081632653,0.5102040816326531,18.75,9.617692030835672,148,1.1556250000000001,0.6248859287436379,8,100.19100694444444
