userId,churn,gender,OS_iPad,OS_iPhone,OS_Windows 8.1,OS_Linux,OS_Windows Vista,OS_Windows 8.0,OS_MacOS,OS_Windows XP,OS_Windows 7,paid_percent,mean_hours,stdev_hours,About,Add Friend,Add to Playlist,Downgrade,Error,Help,Home,Logout,NextSong,Roll Advert,Save Settings,Settings,Submit Downgrade,Submit Upgrade,Thumbs Down,Thumbs Up,Upgrade,mean_songs,stdev_songs,num_aritst,mean_session_h,stdev_session_h,num_sessions,days_total_subscription
94,0,0,0,0,0,0,0,1,0,0,0,0.0,1.7318850675925928,1.445304381338121,0.53475935828877,0.53475935828877,1.6042780748663104,0.0,0.0,0.0,6.417112299465241,1.6042780748663104,78.07486631016043,6.417112299465241,0.53475935828877,1.06951871657754,0.0,0.0,0.53475935828877,2.13903743315508,0.53475935828877,24.333333333333332,18.80070920648119,140,1.6799537037037038,1.4234059572142168,6,132.30824074074073
