userId,churn,gender,OS_iPad,OS_iPhone,OS_Windows 8.1,OS_Linux,OS_Windows Vista,OS_Windows 8.0,OS_MacOS,OS_Windows XP,OS_Windows 7,paid_percent,mean_hours,stdev_hours,About,Add Friend,Add to Playlist,Downgrade,Error,Help,Home,Logout,NextSong,Roll Advert,Save Settings,Settings,Submit Downgrade,Submit Upgrade,Thumbs Down,Thumbs Up,Upgrade,mean_songs,stdev_songs,num_aritst,mean_session_h,stdev_session_h,num_sessions,days_total_subscription
118,0,0,0,0,0,0,0,1,0,0,0,90.23569023569024,6.8408436250000015,8.17965388076662,0.0697350069735007,1.813110181311018,2.161785216178522,0.9414225941422595,0.0697350069735007,0.4881450488145049,3.3821478382147836,1.0460251046025104,82.84518828451883,0.906555090655509,0.20920502092050208,0.5578800557880056,0.0,0.03486750348675035,0.9414225941422595,4.4281729428172945,0.10460251046025104,99.0,116.60151389874086,1534,6.770949074074072,8.166732824881006,24,63.12707175925926
