userId,churn,gender,OS_iPad,OS_iPhone,OS_Windows 8.1,OS_Linux,OS_Windows Vista,OS_Windows 8.0,OS_MacOS,OS_Windows XP,OS_Windows 7,paid_percent,mean_hours,stdev_hours,About,Add Friend,Add to Playlist,Downgrade,Error,Help,Home,Logout,NextSong,Roll Advert,Save Settings,Settings,Submit Downgrade,Submit Upgrade,Thumbs Down,Thumbs Up,Upgrade,mean_songs,stdev_songs,num_aritst,mean_session_h,stdev_session_h,num_sessions,days_total_subscription
86,0,1,0,0,0,0,0,0,0,0,1,74.76923076923076,4.442684602222222,4.148854172485613,0.12224938875305623,2.2004889975550124,2.444987775061125,0.7334963325183375,0.12224938875305623,0.9779951100244498,4.400977995110025,1.466992665036675,79.46210268948656,1.1002444987775062,0.24449877750611246,1.3447432762836184,0.0,0.12224938875305623,0.9779951100244498,4.156479217603912,0.12224938875305623,65.0,61.2934653033167,544,4.392555555555555,4.151824728163293,10,135.0992476851852
