userId,churn,gender,OS_iPad,OS_iPhone,OS_Windows 8.1,OS_Linux,OS_Windows Vista,OS_Windows 8.0,OS_MacOS,OS_Windows XP,OS_Windows 7,paid_percent,mean_hours,stdev_hours,About,Add Friend,Add to Playlist,Downgrade,Error,Help,Home,Logout,NextSong,Roll Advert,Save Settings,Settings,Submit Downgrade,Submit Upgrade,Thumbs Down,Thumbs Up,Upgrade,mean_songs,stdev_songs,num_aritst,mean_session_h,stdev_session_h,num_sessions,days_total_subscription
35,0,0,0,0,0,0,0,0,1,0,0,51.86335403726709,3.1372257088734568,4.33731896741217,0.24937655860349126,1.546134663341646,3.192019950124688,0.4987531172069825,0.14962593516209477,0.4488778054862843,4.488778054862843,1.2468827930174564,80.29925187032418,2.7431421446384037,0.04987531172069825,0.3491271820448878,0.0997506234413965,0.0997506234413965,0.6982543640897756,3.541147132169576,0.29925187032418954,44.72222222222222,61.40293669622516,1099,2.900986842105263,4.268642724502541,38,75.46339120370371
