userId,churn,gender,OS_iPad,OS_iPhone,OS_Windows 8.1,OS_Linux,OS_Windows Vista,OS_Windows 8.0,OS_MacOS,OS_Windows XP,OS_Windows 7,paid_percent,mean_hours,stdev_hours,About,Add Friend,Add to Playlist,Downgrade,Error,Help,Home,Logout,NextSong,Roll Advert,Save Settings,Settings,Submit Downgrade,Submit Upgrade,Thumbs Down,Thumbs Up,Upgrade,mean_songs,stdev_songs,num_aritst,mean_session_h,stdev_session_h,num_sessions,days_total_subscription
152,0,1,1,0,0,0,0,0,0,0,0,84.3151171043293,5.189175432456139,7.332706079246476,0.23781212841854932,1.426872770511296,2.5564803804994054,0.47562425683709864,0.11890606420927466,0.535077288941736,3.151010701545779,0.6539833531510106,83.769322235434,0.8323424494649228,0.0,0.535077288941736,0.0,0.05945303210463733,0.713436385255648,4.815695600475625,0.11890606420927466,74.15789473684211,102.34487619910695,983,4.867083333333332,7.221833754453612,20,31.03962962962963
153,0,1,0,0,0,0,0,0,0,0,1,99.89373007438896,7.206657730864194,8.523213884129573,0.08841732979664013,1.414677276746242,2.829354553492484,1.3262599469496021,0.2652519893899204,0.618921308576481,3.801945181255526,1.0610079575596816,83.20070733863837,0.0,0.0,0.2652519893899204,0.0,0.08841732979664013,0.3536693191865605,4.597701149425287,0.08841732979664013,104.55555555555556,123.88917538581721,724,7.285370370370369,8.613434817522558,9,27.365162037037038
