userId,churn,gender,OS_iPad,OS_iPhone,OS_Windows 8.1,OS_Linux,OS_Windows Vista,OS_Windows 8.0,OS_MacOS,OS_Windows XP,OS_Windows 7,paid_percent,mean_hours,stdev_hours,About,Add Friend,Add to Playlist,Downgrade,Error,Help,Home,Logout,NextSong,Roll Advert,Save Settings,Settings,Submit Downgrade,Submit Upgrade,Thumbs Down,Thumbs Up,Upgrade,mean_songs,stdev_songs,num_aritst,mean_session_h,stdev_session_h,num_sessions,days_total_subscription
32,1,1,0,1,0,0,0,0,0,0,0,41.25,1.8376939953703706,0.999535367105869,0.0,0.0,6.60377358490566,1.8867924528301887,0.0,0.0,2.8301886792452833,0.9433962264150944,75.47169811320755,2.8301886792452833,0.0,0.0,0.0,0.9433962264150944,0.9433962264150944,6.60377358490566,0.9433962264150944,26.666666666666668,14.571661996262929,77,1.8141666666666667,1.0429633041021644,3,21.590891203703702
