userId,churn,gender,OS_iPad,OS_iPhone,OS_Windows 8.1,OS_Linux,OS_Windows Vista,OS_Windows 8.0,OS_MacOS,OS_Windows XP,OS_Windows 7,paid_percent,mean_hours,stdev_hours,About,Add Friend,Add to Playlist,Downgrade,Error,Help,Home,Logout,NextSong,Roll Advert,Save Settings,Settings,Submit Downgrade,Submit Upgrade,Thumbs Down,Thumbs Up,Upgrade,mean_songs,stdev_songs,num_aritst,mean_session_h,stdev_session_h,num_sessions,days_total_subscription
100025,1,0,0,0,0,0,0,0,1,0,0,68.77551020408164,4.7235332634920635,6.616114992907174,0.1610305958132045,0.4830917874396135,1.4492753623188406,0.8051529790660225,0.1610305958132045,0.8051529790660225,4.99194847020934,1.1272141706924315,78.90499194847021,4.830917874396135,0.4830917874396135,1.1272141706924315,0.1610305958132045,0.0,1.1272141706924315,3.22061191626409,0.1610305958132045,70.0,98.15633788333113,411,5.1932142857142845,7.5357176929997225,7,88.81461805555556
