userId,churn,gender,OS_iPad,OS_iPhone,OS_Windows 8.1,OS_Linux,OS_Windows Vista,OS_Windows 8.0,OS_MacOS,OS_Windows XP,OS_Windows 7,paid_percent,mean_hours,stdev_hours,About,Add Friend,Add to Playlist,Downgrade,Error,Help,Home,Logout,NextSong,Roll Advert,Save Settings,Settings,Submit Downgrade,Submit Upgrade,Thumbs Down,Thumbs Up,Upgrade,mean_songs,stdev_songs,num_aritst,mean_session_h,stdev_session_h,num_sessions,days_total_subscription
300022,0,1,0,0,0,1,0,0,0,0,0,100.0,2.3081774035353537,2.4502919177048654,0.672645739910314,2.4663677130044843,2.0179372197309418,0.2242152466367713,0.0,0.672645739910314,3.3632286995515694,1.1210762331838564,81.61434977578476,0.0,0.2242152466367713,0.8968609865470852,0.0,0.0,1.1210762331838564,5.605381165919283,0.0,33.09090909090909,36.0983505037406,329,2.2455050505050504,2.447074455805522,11,102.7619212962963
