userId,churn,gender,OS_iPad,OS_iPhone,OS_Windows 8.1,OS_Linux,OS_Windows Vista,OS_Windows 8.0,OS_MacOS,OS_Windows XP,OS_Windows 7,paid_percent,mean_hours,stdev_hours,About,Add Friend,Add to Playlist,Downgrade,Error,Help,Home,Logout,NextSong,Roll Advert,Save Settings,Settings,Submit Downgrade,Submit Upgrade,Thumbs Down,Thumbs Up,Upgrade,mean_songs,stdev_songs,num_aritst,mean_session_h,stdev_session_h,num_sessions,days_total_subscription
97,0,0,0,0,0,0,0,0,0,1,0,81.46835443037975,4.54843978101852,6.62630631790821,0.20798668885191346,1.3311148086522462,2.5374376039933444,0.7071547420965058,0.04159733777038269,0.7071547420965058,4.159733777038269,1.4143094841930115,82.15474209650583,0.9983361064891847,0.08319467554076539,0.49916805324459235,0.0,0.04159733777038269,0.49916805324459235,4.492512479201332,0.12479201331114809,65.83333333333333,97.16998377650599,1320,4.472166666666667,6.615344865013208,30,87.39342592592592
