userId,churn,gender,OS_iPad,OS_iPhone,OS_Windows 8.1,OS_Linux,OS_Windows Vista,OS_Windows 8.0,OS_MacOS,OS_Windows XP,OS_Windows 7,paid_percent,mean_hours,stdev_hours,About,Add Friend,Add to Playlist,Downgrade,Error,Help,Home,Logout,NextSong,Roll Advert,Save Settings,Settings,Submit Downgrade,Submit Upgrade,Thumbs Down,Thumbs Up,Upgrade,mean_songs,stdev_songs,num_aritst,mean_session_h,stdev_session_h,num_sessions,days_total_subscription
75,0,0,0,0,0,0,0,0,0,1,0,100.0,7.006082449999999,7.313201163064184,0.3134796238244514,2.19435736677116,2.8213166144200628,0.8359456635318705,0.10449320794148381,0.20898641588296762,2.2988505747126435,0.522466039707419,84.84848484848484,0.10449320794148381,0.0,0.3134796238244514,0.0,0.0,0.41797283176593525,5.015673981191222,0.0,101.5,106.13872324193734,647,6.939166666666667,7.2964381893717665,8,68.92494212962963
76,0,1,0,0,0,0,0,0,1,0,0,0.0,2.464347476388889,1.1375988275014863,0.3676470588235294,1.1029411764705883,1.4705882352941175,0.0,0.3676470588235294,0.7352941176470588,4.411764705882353,2.2058823529411766,77.94117647058823,5.514705882352941,0.0,0.0,0.0,0.0,0.7352941176470588,4.779411764705882,0.3676470588235294,35.333333333333336,16.415439886480858,197,4.009120370370371,1.870967494295915,6,56.86383101851852
