userId,churn,gender,OS_iPad,OS_iPhone,OS_Windows 8.1,OS_Linux,OS_Windows Vista,OS_Windows 8.0,OS_MacOS,OS_Windows XP,OS_Windows 7,paid_percent,mean_hours,stdev_hours,About,Add Friend,Add to Playlist,Downgrade,Error,Help,Home,Logout,NextSong,Roll Advert,Save Settings,Settings,Submit Downgrade,Submit Upgrade,Thumbs Down,Thumbs Up,Upgrade,mean_songs,stdev_songs,num_aritst,mean_session_h,stdev_session_h,num_sessions,days_total_subscription
115,0,0,0,0,0,0,0,0,0,0,1,94.76108232584917,11.984655853055552,18.793710992614404,0.24084778420038533,1.8786127167630058,2.023121387283237,1.0115606936416186,0.1445086705202312,0.4335260115606936,2.697495183044316,0.7225433526011561,83.67052023121387,0.5298651252408477,0.2890173410404624,0.674373795761079,0.0,0.04816955684007707,1.1560693641618496,4.431599229287091,0.04816955684007707,173.7,271.75726505672503,1213,11.895222222222223,18.75314070897505,10,74.43959490740741
