userId,churn,gender,OS_iPad,OS_iPhone,OS_Windows 8.1,OS_Linux,OS_Windows Vista,OS_Windows 8.0,OS_MacOS,OS_Windows XP,OS_Windows 7,paid_percent,mean_hours,stdev_hours,About,Add Friend,Add to Playlist,Downgrade,Error,Help,Home,Logout,NextSong,Roll Advert,Save Settings,Settings,Submit Downgrade,Submit Upgrade,Thumbs Down,Thumbs Up,Upgrade,mean_songs,stdev_songs,num_aritst,mean_session_h,stdev_session_h,num_sessions,days_total_subscription
93,0,1,0,0,0,0,0,0,0,0,1,32.34375,3.6530551129629636,2.515766632518922,0.245398773006135,1.5950920245398774,2.085889570552147,0.36809815950920244,0.0,0.8588957055214724,3.8036809815950923,1.2269938650306749,78.52760736196319,5.276073619631902,0.1226993865030675,0.6134969325153374,0.0,0.1226993865030675,0.49079754601227,4.294478527607362,0.36809815950920244,53.333333333333336,37.640242809895355,510,3.6100000000000008,2.551812344232933,12,71.03246527777777
