userId,churn,gender,OS_iPad,OS_iPhone,OS_Windows 8.1,OS_Linux,OS_Windows Vista,OS_Windows 8.0,OS_MacOS,OS_Windows XP,OS_Windows 7,paid_percent,mean_hours,stdev_hours,About,Add Friend,Add to Playlist,Downgrade,Error,Help,Home,Logout,NextSong,Roll Advert,Save Settings,Settings,Submit Downgrade,Submit Upgrade,Thumbs Down,Thumbs Up,Upgrade,mean_songs,stdev_songs,num_aritst,mean_session_h,stdev_session_h,num_sessions,days_total_subscription
25,0,0,0,0,0,0,0,0,1,0,0,82.5,8.689327584259258,10.883403050189001,0.04387889425186486,1.7990346643264588,2.676612549363756,0.4826678367705134,0.0,0.39491004826678366,3.7297060114085125,1.184730144800351,82.49232119350593,1.184730144800351,0.08775778850372971,0.4826678367705134,0.04387889425186486,0.04387889425186486,0.7459412022817025,4.300131636682756,0.307152259763054,125.33333333333333,156.79270512671303,1276,8.66201851851852,10.897178760229306,15,82.50391203703704
