userId,churn,gender,OS_iPad,OS_iPhone,OS_Windows 8.1,OS_Linux,OS_Windows Vista,OS_Windows 8.0,OS_MacOS,OS_Windows XP,OS_Windows 7,paid_percent,mean_hours,stdev_hours,About,Add Friend,Add to Playlist,Downgrade,Error,Help,Home,Logout,NextSong,Roll Advert,Save Settings,Settings,Submit Downgrade,Submit Upgrade,Thumbs Down,Thumbs Up,Upgrade,mean_songs,stdev_songs,num_aritst,mean_session_h,stdev_session_h,num_sessions,days_total_subscription
300006,0,1,0,0,0,0,0,0,1,0,0,42.29390681003584,3.7133353755555563,3.637267274934389,0.2638522427440633,4.485488126649076,1.8469656992084433,0.5277044854881267,0.0,0.79155672823219,4.485488126649076,1.8469656992084433,73.61477572559367,3.6939313984168867,0.0,0.5277044854881267,0.0,0.2638522427440633,0.79155672823219,6.068601583113456,0.79155672823219,55.8,53.923093383076605,258,3.6646666666666667,3.6185151947319736,5,89.53488425925926
