userId,churn,gender,OS_iPad,OS_iPhone,OS_Windows 8.1,OS_Linux,OS_Windows Vista,OS_Windows 8.0,OS_MacOS,OS_Windows XP,OS_Windows 7,paid_percent,mean_hours,stdev_hours,About,Add Friend,Add to Playlist,Downgrade,Error,Help,Home,Logout,NextSong,Roll Advert,Save Settings,Settings,Submit Downgrade,Submit Upgrade,Thumbs Down,Thumbs Up,Upgrade,mean_songs,stdev_songs,num_aritst,mean_session_h,stdev_session_h,num_sessions,days_total_subscription
300005,0,0,0,0,0,0,0,0,1,0,0,85.8974358974359,3.5659471898148145,3.742137860395802,0.25380710659898476,2.030456852791878,2.284263959390863,0.0,0.25380710659898476,0.5076142131979695,3.807106598984772,0.7614213197969544,79.18781725888326,0.5076142131979695,0.0,0.0,0.0,0.25380710659898476,1.015228426395939,8.883248730964468,0.25380710659898476,52.0,53.61716143176548,289,3.529166666666667,3.793650258517595,6,157.05546296296296
