userId,churn,gender,OS_iPad,OS_iPhone,OS_Windows 8.1,OS_Linux,OS_Windows Vista,OS_Windows 8.0,OS_MacOS,OS_Windows XP,OS_Windows 7,paid_percent,mean_hours,stdev_hours,About,Add Friend,Add to Playlist,Downgrade,Error,Help,Home,Logout,NextSong,Roll Advert,Save Settings,Settings,Submit Downgrade,Submit Upgrade,Thumbs Down,Thumbs Up,Upgrade,mean_songs,stdev_songs,num_aritst,mean_session_h,stdev_session_h,num_sessions,days_total_subscription
82,0,0,0,0,0,0,0,0,1,0,0,75.54252199413489,7.377305400347222,9.25931660845294,0.14641288433382138,1.4153245485602732,2.5866276232308443,0.634455832113226,0.09760858955588092,0.43923865300146414,3.806734992679356,1.0736944851146901,83.21132259638848,0.7320644216691069,0.0,0.5368472425573451,0.0,0.04880429477794046,0.9760858955588092,4.099560761346998,0.19521717911176184,106.5625,134.09845574552054,1174,6.912156862745097,9.126346565054199,17,74.40032407407408
