userId,churn,gender,OS_iPad,OS_iPhone,OS_Windows 8.1,OS_Linux,OS_Windows Vista,OS_Windows 8.0,OS_MacOS,OS_Windows XP,OS_Windows 7,paid_percent,mean_hours,stdev_hours,About,Add Friend,Add to Playlist,Downgrade,Error,Help,Home,Logout,NextSong,Roll Advert,Save Settings,Settings,Submit Downgrade,Submit Upgrade,Thumbs Down,Thumbs Up,Upgrade,mean_songs,stdev_songs,num_aritst,mean_session_h,stdev_session_h,num_sessions,days_total_subscription
79,0,1,0,1,0,0,0,0,0,0,0,28.68525896414343,3.5349995733333337,3.1413450580880475,0.6230529595015576,0.9345794392523363,1.8691588785046727,0.6230529595015576,0.0,0.0,4.361370716510903,1.2461059190031152,78.19314641744548,5.29595015576324,0.3115264797507788,0.3115264797507788,0.0,0.3115264797507788,0.6230529595015576,4.049844236760125,1.2461059190031152,50.2,45.3453415468447,227,3.465166666666667,3.133030992850293,5,76.06190972222223
