userId,churn,gender,OS_iPad,OS_iPhone,OS_Windows 8.1,OS_Linux,OS_Windows Vista,OS_Windows 8.0,OS_MacOS,OS_Windows XP,OS_Windows 7,paid_percent,mean_hours,stdev_hours,About,Add Friend,Add to Playlist,Downgrade,Error,Help,Home,Logout,NextSong,Roll Advert,Save Settings,Settings,Submit Downgrade,Submit Upgrade,Thumbs Down,Thumbs Up,Upgrade,mean_songs,stdev_songs,num_aritst,mean_session_h,stdev_session_h,num_sessions,days_total_subscription
30,0,1,0,0,0,0,0,0,0,0,1,40.57868736767819,3.5695262464285724,4.828511661476807,0.16901408450704225,1.4084507042253522,2.647887323943662,0.3380281690140845,0.056338028169014086,0.28169014084507044,3.943661971830986,1.1267605633802817,79.83098591549296,4.056338028169014,0.056338028169014086,0.7323943661971831,0.056338028169014086,0.056338028169014086,0.9577464788732395,3.492957746478873,0.7887323943661971,50.607142857142854,68.92579976333879,1019,3.0599045138888887,4.655638231407505,32,63.06664351851852
300001,1,0,0,0,0,0,0,0,0,1,0,96.0548885077187,7.08366019133987,6.033745302256485,0.04616805170821791,1.3850415512465373,3.1855955678670362,0.41551246537396125,0.13850415512465375,0.5078485687903971,3.6011080332409975,1.0156971375807942,80.74792243767313,0.2770083102493075,0.13850415512465375,0.7848568790397045,0.0,0.04616805170821791,0.7848568790397045,6.832871652816251,0.09233610341643582,102.88235294117646,88.12908313444346,1202,6.367543859649123,6.150871757879998,19,188.3117824074074
