userId,churn,gender,OS_iPad,OS_iPhone,OS_Windows 8.1,OS_Linux,OS_Windows Vista,OS_Windows 8.0,OS_MacOS,OS_Windows XP,OS_Windows 7,paid_percent,mean_hours,stdev_hours,About,Add Friend,Add to Playlist,Downgrade,Error,Help,Home,Logout,NextSong,Roll Advert,Save Settings,Settings,Submit Downgrade,Submit Upgrade,Thumbs Down,Thumbs Up,Upgrade,mean_songs,stdev_songs,num_aritst,mean_session_h,stdev_session_h,num_sessions,days_total_subscription
200014,0,1,0,0,0,0,0,0,1,0,0,22.08835341365462,5.19656709861111,7.515258619027365,0.10183299389002036,2.0366598778004072,2.5458248472505094,0.0,0.0,0.5091649694501018,3.8696537678207736,1.7311608961303464,76.06924643584522,5.091649694501019,0.10183299389002036,0.5091649694501018,0.0,0.10183299389002036,2.8513238289205702,4.378818737270876,0.10183299389002036,74.7,105.37978933362886,593,5.130166666666666,7.501359491783187,10,128.14015046296296
