userId,churn,gender,OS_iPad,OS_iPhone,OS_Windows 8.1,OS_Linux,OS_Windows Vista,OS_Windows 8.0,OS_MacOS,OS_Windows XP,OS_Windows 7,paid_percent,mean_hours,stdev_hours,About,Add Friend,Add to Playlist,Downgrade,Error,Help,Home,Logout,NextSong,Roll Advert,Save Settings,Settings,Submit Downgrade,Submit Upgrade,Thumbs Down,Thumbs Up,Upgrade,mean_songs,stdev_songs,num_aritst,mean_session_h,stdev_session_h,num_sessions,days_total_subscription
49,0,1,0,0,0,0,0,0,0,1,0,83.94077448747153,5.994345044999999,6.456193832632655,0.0,2.016498625114574,2.566452795600367,1.2832263978001834,0.36663611365719523,0.7332722273143905,4.491292392300641,0.916590284142988,80.47662694775435,1.008249312557287,0.27497708524289644,0.5499541704857929,0.09165902841429881,0.09165902841429881,0.6416131989000917,4.307974335472044,0.18331805682859761,87.8,93.08872708932651,685,5.939277777777777,6.454047285078155,10,107.2444675925926
