userId,churn,gender,OS_iPad,OS_iPhone,OS_Windows 8.1,OS_Linux,OS_Windows Vista,OS_Windows 8.0,OS_MacOS,OS_Windows XP,OS_Windows 7,paid_percent,mean_hours,stdev_hours,About,Add Friend,Add to Playlist,Downgrade,Error,Help,Home,Logout,NextSong,Roll Advert,Save Settings,Settings,Submit Downgrade,Submit Upgrade,Thumbs Down,Thumbs Up,Upgrade,mean_songs,stdev_songs,num_aritst,mean_session_h,stdev_session_h,num_sessions,days_total_subscription
100001,1,0,0,0,0,0,0,0,1,0,0,0.0,2.4356765381944445,1.0550649685563647,0.0,1.0810810810810811,1.6216216216216217,0.0,0.5405405405405406,0.5405405405405406,5.9459459459459465,3.783783783783784,71.89189189189189,7.567567567567568,0.0,0.5405405405405406,0.0,0.0,1.0810810810810811,4.324324324324325,1.0810810810810811,33.25,16.839932699786342,126,2.4693055555555556,1.0511263432652485,4,44.80021990740741
