userId,churn,gender,OS_iPad,OS_iPhone,OS_Windows 8.1,OS_Linux,OS_Windows Vista,OS_Windows 8.0,OS_MacOS,OS_Windows XP,OS_Windows 7,paid_percent,mean_hours,stdev_hours,About,Add Friend,Add to Playlist,Downgrade,Error,Help,Home,Logout,NextSong,Roll Advert,Save Settings,Settings,Submit Downgrade,Submit Upgrade,Thumbs Down,Thumbs Up,Upgrade,mean_songs,stdev_songs,num_aritst,mean_session_h,stdev_session_h,num_sessions,days_total_subscription
141,0,0,0,0,0,0,0,0,1,0,0,84.17653390742734,6.383161087777777,9.096163120708315,0.09074410163339383,1.5426497277676952,2.4500907441016335,0.4537205081669692,0.0,0.4537205081669692,3.539019963702359,1.17967332123412,84.30127041742287,0.9981851179673321,0.0,0.27223230490018147,0.09074410163339383,0.09074410163339383,0.4537205081669692,3.8112522686025407,0.27223230490018147,92.9,133.97217787452902,729,5.759772727272727,8.801511371351722,11,75.39690972222222
