userId,churn,gender,OS_iPad,OS_iPhone,OS_Windows 8.1,OS_Linux,OS_Windows Vista,OS_Windows 8.0,OS_MacOS,OS_Windows XP,OS_Windows 7,paid_percent,mean_hours,stdev_hours,About,Add Friend,Add to Playlist,Downgrade,Error,Help,Home,Logout,NextSong,Roll Advert,Save Settings,Settings,Submit Downgrade,Submit Upgrade,Thumbs Down,Thumbs Up,Upgrade,mean_songs,stdev_songs,num_aritst,mean_session_h,stdev_session_h,num_sessions,days_total_subscription
66,0,0,0,0,0,0,0,0,0,0,1,68.03827751196172,3.6184238938888904,3.6704956665712998,0.0,1.8633540372670807,2.950310559006211,0.6987577639751553,0.0,0.2329192546583851,3.4161490683229814,1.4751552795031055,81.13354037267081,2.717391304347826,0.15527950310559005,0.38819875776397517,0.0,0.07763975155279502,0.6211180124223602,4.037267080745342,0.2329192546583851,52.25,53.67727638395972,807,3.3740873015873025,3.6433754467751496,21,125.62591435185185
