userId,churn,gender,OS_iPad,OS_iPhone,OS_Windows 8.1,OS_Linux,OS_Windows Vista,OS_Windows 8.0,OS_MacOS,OS_Windows XP,OS_Windows 7,paid_percent,mean_hours,stdev_hours,About,Add Friend,Add to Playlist,Downgrade,Error,Help,Home,Logout,NextSong,Roll Advert,Save Settings,Settings,Submit Downgrade,Submit Upgrade,Thumbs Down,Thumbs Up,Upgrade,mean_songs,stdev_songs,num_aritst,mean_session_h,stdev_session_h,num_sessions,days_total_subscription
104,0,0,0,0,0,0,0,0,0,0,1,84.72768107804605,4.718957919337606,4.467753329063881,0.14071294559099437,1.0787992495309568,2.016885553470919,1.125703564727955,0.04690431519699812,0.7035647279549718,3.8461538461538463,0.9849906191369606,83.53658536585365,1.0787992495309568,0.09380863039399624,0.42213883677298314,0.0,0.04690431519699812,0.797373358348968,3.9399624765478425,0.14071294559099437,68.5,64.60727513213972,1215,4.683899572649572,4.476776938384817,26,125.58270833333333
