userId,churn,gender,OS_iPad,OS_iPhone,OS_Windows 8.1,OS_Linux,OS_Windows Vista,OS_Windows 8.0,OS_MacOS,OS_Windows XP,OS_Windows 7,paid_percent,mean_hours,stdev_hours,About,Add Friend,Add to Playlist,Downgrade,Error,Help,Home,Logout,NextSong,Roll Advert,Save Settings,Settings,Submit Downgrade,Submit Upgrade,Thumbs Down,Thumbs Up,Upgrade,mean_songs,stdev_songs,num_aritst,mean_session_h,stdev_session_h,num_sessions,days_total_subscription
200025,0,1,0,0,0,0,0,0,0,0,1,42.78481012658228,4.907071224242424,3.2752516195243406,0.1949317738791423,2.3391812865497075,1.5594541910331383,1.0721247563352825,0.09746588693957114,0.1949317738791423,4.385964912280701,1.1695906432748537,76.99805068226121,3.6062378167641325,0.0,0.29239766081871343,0.09746588693957114,0.1949317738791423,2.631578947368421,4.678362573099415,0.4873294346978557,71.81818181818181,47.1207346755506,628,3.809305555555556,3.5297641368375667,14,116.9954861111111
