userId,churn,gender,OS_iPad,OS_iPhone,OS_Windows 8.1,OS_Linux,OS_Windows Vista,OS_Windows 8.0,OS_MacOS,OS_Windows XP,OS_Windows 7,paid_percent,mean_hours,stdev_hours,About,Add Friend,Add to Playlist,Downgrade,Error,Help,Home,Logout,NextSong,Roll Advert,Save Settings,Settings,Submit Downgrade,Submit Upgrade,Thumbs Down,Thumbs Up,Upgrade,mean_songs,stdev_songs,num_aritst,mean_session_h,stdev_session_h,num_sessions,days_total_subscription
200022,0,1,0,0,0,0,0,0,1,0,0,0.0,2.984108805555555,3.395470246044542,0.0,1.3157894736842104,1.0964912280701753,0.0,0.21929824561403508,0.43859649122807015,4.166666666666666,2.4122807017543857,76.31578947368422,7.456140350877193,0.0,0.43859649122807015,0.0,0.0,2.1929824561403506,3.508771929824561,0.43859649122807015,43.5,49.73357589625516,309,3.0738888888888893,3.5581461172761197,8,88.70363425925926
