userId,churn,gender,OS_iPad,OS_iPhone,OS_Windows 8.1,OS_Linux,OS_Windows Vista,OS_Windows 8.0,OS_MacOS,OS_Windows XP,OS_Windows 7,paid_percent,mean_hours,stdev_hours,About,Add Friend,Add to Playlist,Downgrade,Error,Help,Home,Logout,NextSong,Roll Advert,Save Settings,Settings,Submit Downgrade,Submit Upgrade,Thumbs Down,Thumbs Up,Upgrade,mean_songs,stdev_songs,num_aritst,mean_session_h,stdev_session_h,num_sessions,days_total_subscription
24,0,1,0,0,1,0,0,0,0,0,0,19.91701244813278,2.4553431206349208,1.787846558956663,0.31746031746031744,2.6984126984126986,1.9047619047619049,0.7936507936507936,0.0,0.7936507936507936,4.920634920634921,1.5873015873015872,76.5079365079365,4.761904761904762,0.31746031746031744,0.7936507936507936,0.15873015873015872,0.15873015873015872,0.31746031746031744,3.015873015873016,0.9523809523809524,34.42857142857143,24.449993820085062,403,2.258351851851852,1.8212493757455985,15,76.95898148148149
