userId,churn,gender,OS_iPad,OS_iPhone,OS_Windows 8.1,OS_Linux,OS_Windows Vista,OS_Windows 8.0,OS_MacOS,OS_Windows XP,OS_Windows 7,paid_percent,mean_hours,stdev_hours,About,Add Friend,Add to Playlist,Downgrade,Error,Help,Home,Logout,NextSong,Roll Advert,Save Settings,Settings,Submit Downgrade,Submit Upgrade,Thumbs Down,Thumbs Up,Upgrade,mean_songs,stdev_songs,num_aritst,mean_session_h,stdev_session_h,num_sessions,days_total_subscription
95,0,0,0,0,0,0,0,0,1,0,0,63.16410861865407,3.8273794385304662,4.967340463485925,0.19129603060736491,1.5303682448589193,2.199904351984696,0.7173601147776184,0.23912003825920614,0.860832137733142,3.204208512673362,1.3390722142515543,81.01386896221904,2.391200382592061,0.0,0.47824007651841227,0.04782400765184123,0.0,1.1956001912960306,4.351984696317551,0.23912003825920614,54.645161290322584,70.750523384211,1154,3.526910774410774,4.883136400125022,33,62.26634259259259
