userId,churn,gender,OS_iPad,OS_iPhone,OS_Windows 8.1,OS_Linux,OS_Windows Vista,OS_Windows 8.0,OS_MacOS,OS_Windows XP,OS_Windows 7,paid_percent,mean_hours,stdev_hours,About,Add Friend,Add to Playlist,Downgrade,Error,Help,Home,Logout,NextSong,Roll Advert,Save Settings,Settings,Submit Downgrade,Submit Upgrade,Thumbs Down,Thumbs Up,Upgrade,mean_songs,stdev_songs,num_aritst,mean_session_h,stdev_session_h,num_sessions,days_total_subscription
142,0,1,0,0,0,0,0,0,1,0,0,99.62666666666667,8.122341628993055,6.802690240386532,0.044642857142857144,1.25,2.232142857142857,0.9821428571428571,0.2232142857142857,0.6696428571428571,3.392857142857143,0.9821428571428571,83.70535714285714,0.13392857142857142,0.13392857142857142,0.625,0.0,0.044642857142857144,0.5803571428571429,4.955357142857142,0.044642857142857144,117.1875,98.30443784489081,1255,8.202690972222223,6.962995555517753,16,63.489328703703706
