userId,churn,gender,OS_iPad,OS_iPhone,OS_Windows 8.1,OS_Linux,OS_Windows Vista,OS_Windows 8.0,OS_MacOS,OS_Windows XP,OS_Windows 7,paid_percent,mean_hours,stdev_hours,About,Add Friend,Add to Playlist,Downgrade,Error,Help,Home,Logout,NextSong,Roll Advert,Save Settings,Settings,Submit Downgrade,Submit Upgrade,Thumbs Down,Thumbs Up,Upgrade,mean_songs,stdev_songs,num_aritst,mean_session_h,stdev_session_h,num_sessions,days_total_subscription
300012,0,1,0,0,0,0,0,0,0,1,0,93.76947040498442,6.3055111932539685,5.9594940946135955,0.0,2.035623409669211,1.7811704834605597,0.38167938931297707,0.0,0.8905852417302799,3.5623409669211195,0.5089058524173028,81.67938931297711,0.5089058524173028,0.1272264631043257,0.6361323155216284,0.0,0.1272264631043257,0.8905852417302799,6.615776081424936,0.2544529262086514,91.71428571428571,85.48823366544717,525,6.275119047619048,5.968660335023711,7,150.0044675925926
