userId,churn,gender,OS_iPad,OS_iPhone,OS_Windows 8.1,OS_Linux,OS_Windows Vista,OS_Windows 8.0,OS_MacOS,OS_Windows XP,OS_Windows 7,paid_percent,mean_hours,stdev_hours,About,Add Friend,Add to Playlist,Downgrade,Error,Help,Home,Logout,NextSong,Roll Advert,Save Settings,Settings,Submit Downgrade,Submit Upgrade,Thumbs Down,Thumbs Up,Upgrade,mean_songs,stdev_songs,num_aritst,mean_session_h,stdev_session_h,num_sessions,days_total_subscription
300020,0,0,0,0,0,0,0,0,1,0,0,100.0,5.591884626851853,6.0969118601941235,0.0,2.7027027027027026,3.3783783783783785,0.33783783783783783,0.6756756756756757,0.6756756756756757,2.364864864864865,1.0135135135135136,81.75675675675676,0.0,0.0,0.6756756756756757,0.0,0.0,0.33783783783783783,6.081081081081082,0.0,80.66666666666667,89.57864328808141,221,5.510648148148149,6.094830601139327,3,48.58732638888889
