userId,churn,gender,OS_iPad,OS_iPhone,OS_Windows 8.1,OS_Linux,OS_Windows Vista,OS_Windows 8.0,OS_MacOS,OS_Windows XP,OS_Windows 7,paid_percent,mean_hours,stdev_hours,About,Add Friend,Add to Playlist,Downgrade,Error,Help,Home,Logout,NextSong,Roll Advert,Save Settings,Settings,Submit Downgrade,Submit Upgrade,Thumbs Down,Thumbs Up,Upgrade,mean_songs,stdev_songs,num_aritst,mean_session_h,stdev_session_h,num_sessions,days_total_subscription
124,0,0,0,0,0,0,0,0,1,0,0,100.0,10.042778698313494,9.370878101268762,0.1450777202072539,1.533678756476684,2.44559585492228,0.8497409326424871,0.1243523316062176,0.47668393782383417,3.6476683937823835,1.22279792746114,84.53886010362694,0.08290155440414508,0.1243523316062176,0.41450777202072536,0.0,0.0,0.8497409326424871,3.5440414507772022,0.0,145.67857142857142,137.40587446912284,2233,9.649904214559387,9.380928117286047,29,131.55591435185184
