userId,churn,gender,OS_iPad,OS_iPhone,OS_Windows 8.1,OS_Linux,OS_Windows Vista,OS_Windows 8.0,OS_MacOS,OS_Windows XP,OS_Windows 7,paid_percent,mean_hours,stdev_hours,About,Add Friend,Add to Playlist,Downgrade,Error,Help,Home,Logout,NextSong,Roll Advert,Save Settings,Settings,Submit Downgrade,Submit Upgrade,Thumbs Down,Thumbs Up,Upgrade,mean_songs,stdev_songs,num_aritst,mean_session_h,stdev_session_h,num_sessions,days_total_subscription
50,0,0,0,0,0,0,0,0,0,0,1,27.236580516898606,4.262197069791666,2.9700886545985603,0.30721966205837176,1.3824884792626728,1.8433179723502304,0.30721966205837176,0.30721966205837176,1.0752688172043012,3.840245775729647,0.9216589861751152,77.2657450076805,5.683563748079877,0.4608294930875576,1.3824884792626728,0.0,0.15360983102918588,0.4608294930875576,4.147465437788019,0.4608294930875576,62.875,43.858335256010015,424,4.404583333333333,3.114783741406764,8,75.44710648148148
51,1,1,0,0,0,0,0,0,0,0,1,100.0,14.535440077777778,11.600663366034107,0.08123476848090982,1.1372867587327375,2.1121039805036554,0.934199837530463,0.04061738424045491,0.487408610885459,3.0463038180341186,0.974817221770918,85.74329813160033,0.0,0.04061738424045491,0.487408610885459,0.0,0.0,0.8529650690495532,4.061738424045491,0.0,211.1,168.1483802413148,1386,14.539277777777775,11.671992558014606,10,19.455844907407407
