userId,churn,gender,OS_iPad,OS_iPhone,OS_Windows 8.1,OS_Linux,OS_Windows Vista,OS_Windows 8.0,OS_MacOS,OS_Windows XP,OS_Windows 7,paid_percent,mean_hours,stdev_hours,About,Add Friend,Add to Playlist,Downgrade,Error,Help,Home,Logout,NextSong,Roll Advert,Save Settings,Settings,Submit Downgrade,Submit Upgrade,Thumbs Down,Thumbs Up,Upgrade,mean_songs,stdev_songs,num_aritst,mean_session_h,stdev_session_h,num_sessions,days_total_subscription
132,0,0,0,0,0,0,0,0,1,0,0,98.54771784232366,8.387480969444443,8.411844077944691,0.1736111111111111,1.7795138888888888,1.6493055555555556,0.8246527777777778,0.13020833333333331,0.6944444444444444,3.6024305555555554,1.4756944444444444,83.68055555555556,0.08680555555555555,0.1736111111111111,0.7378472222222222,0.0,0.043402777777777776,0.7378472222222222,4.166666666666666,0.043402777777777776,120.5,119.663973971562,1300,8.315850694444444,8.396946451327924,16,66.8891087962963
