userId,churn,gender,OS_iPad,OS_iPhone,OS_Windows 8.1,OS_Linux,OS_Windows Vista,OS_Windows 8.0,OS_MacOS,OS_Windows XP,OS_Windows 7,paid_percent,mean_hours,stdev_hours,About,Add Friend,Add to Playlist,Downgrade,Error,Help,Home,Logout,NextSong,Roll Advert,Save Settings,Settings,Submit Downgrade,Submit Upgrade,Thumbs Down,Thumbs Up,Upgrade,mean_songs,stdev_songs,num_aritst,mean_session_h,stdev_session_h,num_sessions,days_total_subscription
200005,0,1,0,0,0,0,0,0,1,0,0,58.992805755395686,1.5169276930555557,1.08143824961939,0.0,1.7241379310344827,2.8735632183908044,0.0,0.0,0.0,5.172413793103448,1.7241379310344827,79.88505747126436,2.8735632183908044,0.0,0.0,0.0,0.5747126436781609,0.0,4.022988505747127,1.1494252873563218,23.166666666666668,16.63029364342875,132,1.4566203703703706,1.0778474979835808,6,113.13180555555556
