userId,churn,gender,OS_iPad,OS_iPhone,OS_Windows 8.1,OS_Linux,OS_Windows Vista,OS_Windows 8.0,OS_MacOS,OS_Windows XP,OS_Windows 7,paid_percent,mean_hours,stdev_hours,About,Add Friend,Add to Playlist,Downgrade,Error,Help,Home,Logout,NextSong,Roll Advert,Save Settings,Settings,Submit Downgrade,Submit Upgrade,Thumbs Down,Thumbs Up,Upgrade,mean_songs,stdev_songs,num_aritst,mean_session_h,stdev_session_h,num_sessions,days_total_subscription
46,0,0,0,0,0,0,0,0,1,0,0,89.2156862745098,6.382216469444443,5.036517967572157,0.26785714285714285,1.607142857142857,2.6785714285714284,0.5357142857142857,0.0,0.26785714285714285,4.196428571428571,1.1607142857142858,81.96428571428571,1.1607142857142858,0.17857142857142858,0.8928571428571428,0.0,0.08928571428571429,0.9821428571428571,3.9285714285714284,0.08928571428571429,91.8,74.04172997558727,711,6.300777777777779,5.028028204321928,10,63.271076388888886
