userId,churn,gender,OS_iPad,OS_iPhone,OS_Windows 8.1,OS_Linux,OS_Windows Vista,OS_Windows 8.0,OS_MacOS,OS_Windows XP,OS_Windows 7,paid_percent,mean_hours,stdev_hours,About,Add Friend,Add to Playlist,Downgrade,Error,Help,Home,Logout,NextSong,Roll Advert,Save Settings,Settings,Submit Downgrade,Submit Upgrade,Thumbs Down,Thumbs Up,Upgrade,mean_songs,stdev_songs,num_aritst,mean_session_h,stdev_session_h,num_sessions,days_total_subscription
100005,1,1,0,0,0,0,0,0,1,0,0,0.0,2.5720223618055558,0.907742830691584,0.0,1.4018691588785046,1.4018691588785046,0.0,0.0,0.9345794392523363,7.009345794392523,1.4018691588785046,71.96261682242991,8.411214953271028,0.0,0.9345794392523363,0.0,0.0,1.4018691588785046,3.2710280373831773,1.8691588785046727,38.5,13.771952173409067,150,2.003111111111111,1.3670390244775181,5,85.19559027777778
