userId,churn,gender,OS_iPad,OS_iPhone,OS_Windows 8.1,OS_Linux,OS_Windows Vista,OS_Windows 8.0,OS_MacOS,OS_Windows XP,OS_Windows 7,paid_percent,mean_hours,stdev_hours,About,Add Friend,Add to Playlist,Downgrade,Error,Help,Home,Logout,NextSong,Roll Advert,Save Settings,Settings,Submit Downgrade,Submit Upgrade,Thumbs Down,Thumbs Up,Upgrade,mean_songs,stdev_songs,num_aritst,mean_session_h,stdev_session_h,num_sessions,days_total_subscription
59,0,1,0,0,0,0,0,0,0,0,1,81.21546961325967,8.35346265138889,5.5553893706540745,0.0,1.834862385321101,1.6055045871559634,1.0321100917431194,0.45871559633027525,0.34403669724770647,3.784403669724771,1.0321100917431194,83.02752293577981,1.261467889908257,0.0,0.45871559633027525,0.11467889908256881,0.22935779816513763,1.0321100917431194,3.4403669724770642,0.34403669724770647,120.66666666666667,79.69859890027344,579,7.6213492063492065,6.354680283691423,7,64.60553240740741
6,0,1,0,0,0,0,0,0,1,0,0,98.06900918012029,9.939855095833334,9.962175131477718,0.07976601967561818,1.0901356022334485,2.206859877692103,1.0901356022334485,0.10635469290082426,0.6381281574049454,3.5097048657272,1.2762563148098909,83.99361871842595,0.23929805902685458,0.05317734645041213,0.452007444828503,0.0,0.026588673225206066,0.8242488699813879,4.387131082159,0.026588673225206066,143.5909090909091,145.34119433444454,1869,9.127708333333334,10.016735216383072,24,256.3776736111111
