userId,churn,gender,OS_iPad,OS_iPhone,OS_Windows 8.1,OS_Linux,OS_Windows Vista,OS_Windows 8.0,OS_MacOS,OS_Windows XP,OS_Windows 7,paid_percent,mean_hours,stdev_hours,About,Add Friend,Add to Playlist,Downgrade,Error,Help,Home,Logout,NextSong,Roll Advert,Save Settings,Settings,Submit Downgrade,Submit Upgrade,Thumbs Down,Thumbs Up,Upgrade,mean_songs,stdev_songs,num_aritst,mean_session_h,stdev_session_h,num_sessions,days_total_subscription
67,0,1,0,0,0,0,0,0,1,0,0,84.97267759562843,6.323466029166667,5.0543425445117585,0.22692889561270801,1.059001512859304,2.798789712556732,0.9833585476550681,0.0,0.6051437216338881,2.950075642965204,1.2102874432677762,83.05597579425114,1.2859304084720122,0.07564296520423601,0.680786686838124,0.0,0.07564296520423601,0.7564296520423601,4.084720121028744,0.15128593040847202,91.5,73.97604034722693,825,5.7904273504273505,5.14929704316794,13,138.89282407407407
68,0,0,0,0,0,0,0,0,1,0,0,0.0,0.9832906902777779,0.7588840800907252,0.0,14.583333333333334,0.0,0.0,0.0,0.0,6.25,4.166666666666666,60.416666666666664,8.333333333333332,0.0,0.0,0.0,0.0,0.0,4.166666666666666,2.083333333333333,14.5,12.020815280171307,30,1.062361111111111,0.7120172449447876,2,100.0112962962963
