userId,churn,gender,OS_iPad,OS_iPhone,OS_Windows 8.1,OS_Linux,OS_Windows Vista,OS_Windows 8.0,OS_MacOS,OS_Windows XP,OS_Windows 7,paid_percent,mean_hours,stdev_hours,About,Add Friend,Add to Playlist,Downgrade,Error,Help,Home,Logout,NextSong,Roll Advert,Save Settings,Settings,Submit Downgrade,Submit Upgrade,Thumbs Down,Thumbs Up,Upgrade,mean_songs,stdev_songs,num_aritst,mean_session_h,stdev_session_h,num_sessions,days_total_subscription
80,0,0,0,0,0,0,0,0,1,0,0,0.0,2.071088512268519,1.8023246505221244,0.42194092827004215,1.89873417721519,2.7426160337552745,0.0,0.0,0.8438818565400843,4.852320675105485,1.6877637130801686,77.42616033755274,4.641350210970464,0.21097046413502107,1.2658227848101267,0.0,0.0,0.8438818565400843,2.320675105485232,0.8438818565400843,30.583333333333332,25.713308663496466,327,2.053356481481481,1.7888505370219665,12,58.53869212962963
