userId,churn,gender,OS_iPad,OS_iPhone,OS_Windows 8.1,OS_Linux,OS_Windows Vista,OS_Windows 8.0,OS_MacOS,OS_Windows XP,OS_Windows 7,paid_percent,mean_hours,stdev_hours,About,Add Friend,Add to Playlist,Downgrade,Error,Help,Home,Logout,NextSong,Roll Advert,Save Settings,Settings,Submit Downgrade,Submit Upgrade,Thumbs Down,Thumbs Up,Upgrade,mean_songs,stdev_songs,num_aritst,mean_session_h,stdev_session_h,num_sessions,days_total_subscription
150,0,1,0,0,0,0,0,0,1,0,0,0.0,1.5980498052083332,1.1705027854383783,0.0,0.4273504273504274,3.418803418803419,0.0,0.0,0.4273504273504274,5.128205128205128,1.282051282051282,76.06837606837607,7.264957264957266,0.8547008547008548,0.8547008547008548,0.0,0.0,0.0,2.9914529914529915,1.282051282051282,22.25,15.890248582070704,171,1.6220987654320986,1.4047796847874388,9,123.96466435185185
