userId,churn,gender,OS_iPad,OS_iPhone,OS_Windows 8.1,OS_Linux,OS_Windows Vista,OS_Windows 8.0,OS_MacOS,OS_Windows XP,OS_Windows 7,paid_percent,mean_hours,stdev_hours,About,Add Friend,Add to Playlist,Downgrade,Error,Help,Home,Logout,NextSong,Roll Advert,Save Settings,Settings,Submit Downgrade,Submit Upgrade,Thumbs Down,Thumbs Up,Upgrade,mean_songs,stdev_songs,num_aritst,mean_session_h,stdev_session_h,num_sessions,days_total_subscription
200023,0,0,0,0,1,0,0,0,0,0,0,47.7834179357022,2.8426756191358025,2.983002887903769,0.15919342000530645,1.7511276200583707,1.9368532767312283,1.1674184133722474,0.05306447333510214,0.6102414433536747,4.059432210135315,1.4592730167153092,78.40275935261343,3.0777394534359246,0.07959671000265323,0.4510480233483683,0.05306447333510214,0.07959671000265323,1.9368532767312283,4.324754576810825,0.39798355001326613,41.041666666666664,42.699552229073554,1757,2.7670906432748534,3.0807618955287244,76,67.18055555555556
