userId,churn,gender,OS_iPad,OS_iPhone,OS_Windows 8.1,OS_Linux,OS_Windows Vista,OS_Windows 8.0,OS_MacOS,OS_Windows XP,OS_Windows 7,paid_percent,mean_hours,stdev_hours,About,Add Friend,Add to Playlist,Downgrade,Error,Help,Home,Logout,NextSong,Roll Advert,Save Settings,Settings,Submit Downgrade,Submit Upgrade,Thumbs Down,Thumbs Up,Upgrade,mean_songs,stdev_songs,num_aritst,mean_session_h,stdev_session_h,num_sessions,days_total_subscription
300008,0,0,0,1,0,0,0,0,0,0,0,100.0,5.381779923611111,5.319699338947305,0.11961722488038277,1.375598086124402,2.5717703349282295,0.11961722488038277,0.17942583732057416,0.5382775119617225,2.8708133971291865,1.0167464114832536,83.31339712918661,0.05980861244019139,0.0,0.23923444976076555,0.0,0.0,0.9569377990430622,6.638755980861244,0.0,77.38888888888889,75.67433234038738,1002,5.332083333333333,5.317057001271932,18,90.50671296296296
