userId,churn,gender,OS_iPad,OS_iPhone,OS_Windows 8.1,OS_Linux,OS_Windows Vista,OS_Windows 8.0,OS_MacOS,OS_Windows XP,OS_Windows 7,paid_percent,mean_hours,stdev_hours,About,Add Friend,Add to Playlist,Downgrade,Error,Help,Home,Logout,NextSong,Roll Advert,Save Settings,Settings,Submit Downgrade,Submit Upgrade,Thumbs Down,Thumbs Up,Upgrade,mean_songs,stdev_songs,num_aritst,mean_session_h,stdev_session_h,num_sessions,days_total_subscription
4,0,1,0,0,0,0,1,0,0,0,0,94.53125,6.390657088131309,8.764919338284988,0.2457002457002457,1.8837018837018837,2.4160524160524157,0.85995085995086,0.16380016380016382,0.4914004914004914,3.276003276003276,0.9828009828009828,83.86568386568388,0.16380016380016382,0.08190008190008191,0.4095004095004095,0.0,0.040950040950040956,1.0647010647010646,3.8902538902538906,0.16380016380016382,93.0909090909091,126.27517536483532,1343,6.322310606060605,8.766837632027372,22,62.79774305555556
