userId,churn,gender,OS_iPad,OS_iPhone,OS_Windows 8.1,OS_Linux,OS_Windows Vista,OS_Windows 8.0,OS_MacOS,OS_Windows XP,OS_Windows 7,paid_percent,mean_hours,stdev_hours,About,Add Friend,Add to Playlist,Downgrade,Error,Help,Home,Logout,NextSong,Roll Advert,Save Settings,Settings,Submit Downgrade,Submit Upgrade,Thumbs Down,Thumbs Up,Upgrade,mean_songs,stdev_songs,num_aritst,mean_session_h,stdev_session_h,num_sessions,days_total_subscription
88,0,0,0,0,0,0,0,0,0,0,1,89.73105134474328,5.493823270726496,7.022476366259709,0.2839756592292089,1.1359026369168357,2.3529411764705883,0.7302231237322515,0.04056795131845842,0.5679513184584178,3.4482758620689653,1.054766734279919,82.96146044624746,0.9330628803245435,0.08113590263691683,0.5679513184584178,0.0,0.04056795131845842,0.8113590263691683,4.949290060851927,0.04056795131845842,78.65384615384616,100.59898301978696,1359,5.498771367521368,7.053683523816106,26,76.18290509259259
