userId,churn,gender,OS_iPad,OS_iPhone,OS_Windows 8.1,OS_Linux,OS_Windows Vista,OS_Windows 8.0,OS_MacOS,OS_Windows XP,OS_Windows 7,paid_percent,mean_hours,stdev_hours,About,Add Friend,Add to Playlist,Downgrade,Error,Help,Home,Logout,NextSong,Roll Advert,Save Settings,Settings,Submit Downgrade,Submit Upgrade,Thumbs Down,Thumbs Up,Upgrade,mean_songs,stdev_songs,num_aritst,mean_session_h,stdev_session_h,num_sessions,days_total_subscription
39,0,0,0,0,0,0,0,0,0,0,1,82.34191452136966,5.369889200593311,7.081114636365988,0.16611295681063123,1.2666112956810631,2.4916943521594686,0.757890365448505,0.07267441860465117,0.4775747508305648,3.685631229235881,1.287375415282392,83.07724252491694,1.3289036544850499,0.06229235880398671,0.3633720930232558,0.031146179401993355,0.04152823920265781,0.7163621262458472,4.028239202657807,0.14534883720930233,77.68932038834951,101.95645255775162,3545,5.110098650051921,7.006698335904368,107,168.92145833333333
