userId,churn,gender,OS_iPad,OS_iPhone,OS_Windows 8.1,OS_Linux,OS_Windows Vista,OS_Windows 8.0,OS_MacOS,OS_Windows XP,OS_Windows 7,paid_percent,mean_hours,stdev_hours,About,Add Friend,Add to Playlist,Downgrade,Error,Help,Home,Logout,NextSong,Roll Advert,Save Settings,Settings,Submit Downgrade,Submit Upgrade,Thumbs Down,Thumbs Up,Upgrade,mean_songs,stdev_songs,num_aritst,mean_session_h,stdev_session_h,num_sessions,days_total_subscription
122,1,0,0,0,0,1,0,0,0,0,0,65.85365853658537,0.8779737907407407,0.9768543887378436,0.0,1.6666666666666667,1.6666666666666667,0.0,0.0,0.0,10.0,1.6666666666666667,68.33333333333333,3.3333333333333335,0.0,1.6666666666666667,0.0,1.6666666666666667,1.6666666666666667,5.0,3.3333333333333335,13.666666666666666,14.153915830374762,42,0.6268055555555555,0.8683588210993598,4,52.81670138888889
